date,new_cases,total_cases,new_deaths,total_deaths,new_cases_avg7
2020-01-05,0.0,0.0,0.0,0.0,
2020-01-06,0.0,0.0,0.0,0.0,
2020-01-07,0.0,0.0,0.0,0.0,
2020-01-08,0.0,0.0,0.0,0.0,
2020-01-09,0.0,0.0,0.0,0.0,
2020-01-10,0.0,0.0,0.0,0.0,
2020-01-11,0.0,0.0,0.0,0.0,0.0
2020-01-12,0.0,0.0,0.0,0.0,0.0
2020-01-13,0.0,0.0,0.0,0.0,0.0
2020-01-14,0.0,0.0,0.0,0.0,0.0
2020-01-15,0.0,0.0,0.0,0.0,0.0
2020-01-16,0.0,0.0,0.0,0.0,0.0
2020-01-17,0.0,0.0,0.0,0.0,0.0
2020-01-18,0.0,0.0,0.0,0.0,0.0
2020-01-19,0.0,0.0,0.0,0.0,0.0
2020-01-20,0.0,0.0,0.0,0.0,0.0
2020-01-21,0.0,0.0,0.0,0.0,0.0
2020-01-22,0.0,0.0,0.0,0.0,0.0
2020-01-23,0.0,0.0,0.0,0.0,0.0
2020-01-24,0.0,0.0,0.0,0.0,0.0
2020-01-25,0.0,0.0,0.0,0.0,0.0
2020-01-26,4.0,4.0,0.0,0.0,0.5714285714285714
2020-01-27,0.0,4.0,0.0,0.0,0.5714285714285714
2020-01-28,0.0,4.0,0.0,0.0,0.5714285714285714
2020-01-29,0.0,4.0,0.0,0.0,0.5714285714285714
2020-01-30,0.0,4.0,0.0,0.0,0.5714285714285714
2020-01-31,0.0,4.0,0.0,0.0,0.5714285714285714
2020-02-01,0.0,4.0,0.0,0.0,0.5714285714285714
2020-02-02,4.0,8.0,0.0,0.0,0.5714285714285714
2020-02-03,0.0,8.0,0.0,0.0,0.5714285714285714
2020-02-04,0.0,8.0,0.0,0.0,0.5714285714285714
2020-02-05,0.0,8.0,0.0,0.0,0.5714285714285714
2020-02-06,0.0,8.0,0.0,0.0,0.5714285714285714
2020-02-07,0.0,8.0,0.0,0.0,0.5714285714285714
2020-02-08,0.0,8.0,0.0,0.0,0.5714285714285714
2020-02-09,8.0,16.0,0.0,0.0,1.1428571428571428
2020-02-10,0.0,16.0,0.0,0.0,1.1428571428571428
2020-02-11,0.0,16.0,0.0,0.0,1.1428571428571428
2020-02-12,0.0,16.0,0.0,0.0,1.1428571428571428
2020-02-13,0.0,16.0,0.0,0.0,1.1428571428571428
2020-02-14,0.0,16.0,0.0,0.0,1.1428571428571428
2020-02-15,0.0,16.0,0.0,0.0,1.1428571428571428
2020-02-16,6.0,22.0,0.0,0.0,0.8571428571428571
2020-02-17,0.0,22.0,0.0,0.0,0.8571428571428571
2020-02-18,0.0,22.0,0.0,0.0,0.8571428571428571
2020-02-19,0.0,22.0,0.0,0.0,0.8571428571428571
2020-02-20,0.0,22.0,0.0,0.0,0.8571428571428571
2020-02-21,0.0,22.0,0.0,0.0,0.8571428571428571
2020-02-22,0.0,22.0,0.0,0.0,0.8571428571428571
2020-02-23,0.0,22.0,0.0,0.0,0.0
2020-02-24,0.0,22.0,0.0,0.0,0.0
2020-02-25,0.0,22.0,0.0,0.0,0.0
2020-02-26,0.0,22.0,0.0,0.0,0.0
2020-02-27,0.0,22.0,0.0,0.0,0.0
2020-02-28,0.0,22.0,0.0,0.0,0.0
2020-02-29,0.0,22.0,0.0,0.0,0.0
2020-03-01,3.0,25.0,0.0,0.0,0.42857142857142855
2020-03-02,0.0,25.0,0.0,0.0,0.42857142857142855
2020-03-03,0.0,25.0,0.0,0.0,0.42857142857142855
2020-03-04,0.0,25.0,0.0,0.0,0.42857142857142855
2020-03-05,0.0,25.0,0.0,0.0,0.42857142857142855
2020-03-06,0.0,25.0,0.0,0.0,0.42857142857142855
2020-03-07,0.0,25.0,0.0,0.0,0.42857142857142855
2020-03-08,68.0,93.0,0.0,0.0,9.714285714285714
2020-03-09,0.0,93.0,0.0,0.0,9.714285714285714
2020-03-10,0.0,93.0,0.0,0.0,9.714285714285714
2020-03-11,0.0,93.0,0.0,0.0,9.714285714285714
2020-03-12,0.0,93.0,0.0,0.0,9.714285714285714
2020-03-13,0.0,93.0,0.0,0.0,9.714285714285714
2020-03-14,0.0,93.0,0.0,0.0,9.714285714285714
2020-03-15,145.0,238.0,0.0,0.0,20.714285714285715
2020-03-16,0.0,238.0,0.0,0.0,20.714285714285715
2020-03-17,0.0,238.0,0.0,0.0,20.714285714285715
2020-03-18,0.0,238.0,0.0,0.0,20.714285714285715
2020-03-19,0.0,238.0,0.0,0.0,20.714285714285715
2020-03-20,0.0,238.0,0.0,0.0,20.714285714285715
2020-03-21,0.0,238.0,0.0,0.0,20.714285714285715
2020-03-22,945.0,1183.0,10.0,10.0,135.0
2020-03-23,0.0,1183.0,0.0,10.0,135.0
2020-03-24,0.0,1183.0,0.0,10.0,135.0
2020-03-25,0.0,1183.0,0.0,10.0,135.0
2020-03-26,0.0,1183.0,0.0,10.0,135.0
2020-03-27,0.0,1183.0,0.0,10.0,135.0
2020-03-28,0.0,1183.0,0.0,10.0,135.0
2020-03-29,1137.0,2320.0,17.0,27.0,162.42857142857142
2020-03-30,0.0,2320.0,0.0,27.0,162.42857142857142
2020-03-31,0.0,2320.0,0.0,27.0,162.42857142857142
2020-04-01,0.0,2320.0,0.0,27.0,162.42857142857142
2020-04-02,0.0,2320.0,0.0,27.0,162.42857142857142
2020-04-03,0.0,2320.0,0.0,27.0,162.42857142857142
2020-04-04,0.0,2320.0,0.0,27.0,162.42857142857142
2020-04-05,1163.0,3483.0,30.0,57.0,166.14285714285714
2020-04-06,0.0,3483.0,0.0,57.0,166.14285714285714
2020-04-07,0.0,3483.0,0.0,57.0,166.14285714285714
2020-04-08,0.0,3483.0,0.0,57.0,166.14285714285714
2020-04-09,0.0,3483.0,0.0,57.0,166.14285714285714
2020-04-10,0.0,3483.0,0.0,57.0,166.14285714285714
2020-04-11,0.0,3483.0,0.0,57.0,166.14285714285714
2020-04-12,1047.0,4530.0,16.0,73.0,149.57142857142858
2020-04-13,0.0,4530.0,0.0,73.0,149.57142857142858
2020-04-14,0.0,4530.0,0.0,73.0,149.57142857142858
2020-04-15,0.0,4530.0,0.0,73.0,149.57142857142858
2020-04-16,0.0,4530.0,0.0,73.0,149.57142857142858
2020-04-17,0.0,4530.0,0.0,73.0,149.57142857142858
2020-04-18,0.0,4530.0,0.0,73.0,149.57142857142858
2020-04-19,775.0,5305.0,15.0,88.0,110.71428571428571
2020-04-20,0.0,5305.0,0.0,88.0,110.71428571428571
2020-04-21,0.0,5305.0,0.0,88.0,110.71428571428571
2020-04-22,0.0,5305.0,0.0,88.0,110.71428571428571
2020-04-23,0.0,5305.0,0.0,88.0,110.71428571428571
2020-04-24,0.0,5305.0,0.0,88.0,110.71428571428571
2020-04-25,0.0,5305.0,0.0,88.0,110.71428571428571
2020-04-26,437.0,5742.0,10.0,98.0,62.42857142857143
2020-04-27,0.0,5742.0,0.0,98.0,62.42857142857143
2020-04-28,0.0,5742.0,0.0,98.0,62.42857142857143
2020-04-29,0.0,5742.0,0.0,98.0,62.42857142857143
2020-04-30,0.0,5742.0,0.0,98.0,62.42857142857143
2020-05-01,0.0,5742.0,0.0,98.0,62.42857142857143
2020-05-02,0.0,5742.0,0.0,98.0,62.42857142857143
2020-05-03,434.0,6176.0,5.0,103.0,62.0
2020-05-04,0.0,6176.0,0.0,103.0,62.0
2020-05-05,0.0,6176.0,0.0,103.0,62.0
2020-05-06,0.0,6176.0,0.0,103.0,62.0
2020-05-07,0.0,6176.0,0.0,103.0,62.0
2020-05-08,0.0,6176.0,0.0,103.0,62.0
2020-05-09,0.0,6176.0,0.0,103.0,62.0
2020-05-10,413.0,6589.0,5.0,108.0,59.0
2020-05-11,0.0,6589.0,0.0,108.0,59.0
2020-05-12,0.0,6589.0,0.0,108.0,59.0
2020-05-13,0.0,6589.0,0.0,108.0,59.0
2020-05-14,0.0,6589.0,0.0,108.0,59.0
2020-05-15,0.0,6589.0,0.0,108.0,59.0
2020-05-16,0.0,6589.0,0.0,108.0,59.0
2020-05-17,283.0,6872.0,5.0,113.0,40.42857142857143
2020-05-18,0.0,6872.0,0.0,113.0,40.42857142857143
2020-05-19,0.0,6872.0,0.0,113.0,40.42857142857143
2020-05-20,0.0,6872.0,0.0,113.0,40.42857142857143
2020-05-21,0.0,6872.0,0.0,113.0,40.42857142857143
2020-05-22,0.0,6872.0,0.0,113.0,40.42857142857143
2020-05-23,0.0,6872.0,0.0,113.0,40.42857142857143
2020-05-24,313.0,7185.0,2.0,115.0,44.714285714285715
2020-05-25,0.0,7185.0,0.0,115.0,44.714285714285715
2020-05-26,0.0,7185.0,0.0,115.0,44.714285714285715
2020-05-27,0.0,7185.0,0.0,115.0,44.714285714285715
2020-05-28,0.0,7185.0,0.0,115.0,44.714285714285715
2020-05-29,0.0,7185.0,0.0,115.0,44.714285714285715
2020-05-30,0.0,7185.0,0.0,115.0,44.714285714285715
2020-05-31,577.0,7762.0,0.0,115.0,82.42857142857143
2020-06-01,0.0,7762.0,0.0,115.0,82.42857142857143
2020-06-02,0.0,7762.0,0.0,115.0,82.42857142857143
2020-06-03,0.0,7762.0,0.0,115.0,82.42857142857143
2020-06-04,0.0,7762.0,0.0,115.0,82.42857142857143
2020-06-05,0.0,7762.0,0.0,115.0,82.42857142857143
2020-06-06,0.0,7762.0,0.0,115.0,82.42857142857143
2020-06-07,541.0,8303.0,2.0,117.0,77.28571428571429
2020-06-08,0.0,8303.0,0.0,117.0,77.28571428571429
2020-06-09,0.0,8303.0,0.0,117.0,77.28571428571429
2020-06-10,0.0,8303.0,0.0,117.0,77.28571428571429
2020-06-11,0.0,8303.0,0.0,117.0,77.28571428571429
2020-06-12,0.0,8303.0,0.0,117.0,77.28571428571429
2020-06-13,0.0,8303.0,0.0,117.0,77.28571428571429
2020-06-14,142.0,8445.0,3.0,120.0,20.285714285714285
2020-06-15,0.0,8445.0,0.0,120.0,20.285714285714285
2020-06-16,0.0,8445.0,0.0,120.0,20.285714285714285
2020-06-17,0.0,8445.0,0.0,120.0,20.285714285714285
2020-06-18,0.0,8445.0,0.0,120.0,20.285714285714285
2020-06-19,0.0,8445.0,0.0,120.0,20.285714285714285
2020-06-20,0.0,8445.0,0.0,120.0,20.285714285714285
2020-06-21,111.0,8556.0,1.0,121.0,15.857142857142858
2020-06-22,0.0,8556.0,0.0,121.0,15.857142857142858
2020-06-23,0.0,8556.0,0.0,121.0,15.857142857142858
2020-06-24,0.0,8556.0,0.0,121.0,15.857142857142858
2020-06-25,0.0,8556.0,0.0,121.0,15.857142857142858
2020-06-26,0.0,8556.0,0.0,121.0,15.857142857142858
2020-06-27,0.0,8556.0,0.0,121.0,15.857142857142858
2020-06-28,60.0,8616.0,0.0,121.0,8.571428571428571
2020-06-29,0.0,8616.0,0.0,121.0,8.571428571428571
2020-06-30,0.0,8616.0,0.0,121.0,8.571428571428571
2020-07-01,0.0,8616.0,0.0,121.0,8.571428571428571
2020-07-02,0.0,8616.0,0.0,121.0,8.571428571428571
2020-07-03,0.0,8616.0,0.0,121.0,8.571428571428571
2020-07-04,0.0,8616.0,0.0,121.0,8.571428571428571
2020-07-05,42.0,8658.0,0.0,121.0,6.0
2020-07-06,0.0,8658.0,0.0,121.0,6.0
2020-07-07,0.0,8658.0,0.0,121.0,6.0
2020-07-08,0.0,8658.0,0.0,121.0,6.0
2020-07-09,0.0,8658.0,0.0,121.0,6.0
2020-07-10,0.0,8658.0,0.0,121.0,6.0
2020-07-11,0.0,8658.0,0.0,121.0,6.0
2020-07-12,46.0,8704.0,1.0,122.0,6.571428571428571
2020-07-13,0.0,8704.0,0.0,122.0,6.571428571428571
2020-07-14,0.0,8704.0,0.0,122.0,6.571428571428571
2020-07-15,0.0,8704.0,0.0,122.0,6.571428571428571
2020-07-16,0.0,8704.0,0.0,122.0,6.571428571428571
2020-07-17,0.0,8704.0,0.0,122.0,6.571428571428571
2020-07-18,0.0,8704.0,0.0,122.0,6.571428571428571
2020-07-19,60.0,8764.0,0.0,122.0,8.571428571428571
2020-07-20,0.0,8764.0,0.0,122.0,8.571428571428571
2020-07-21,0.0,8764.0,0.0,122.0,8.571428571428571
2020-07-22,0.0,8764.0,0.0,122.0,8.571428571428571
2020-07-23,0.0,8764.0,0.0,122.0,8.571428571428571
2020-07-24,0.0,8764.0,0.0,122.0,8.571428571428571
2020-07-25,0.0,8764.0,0.0,122.0,8.571428571428571
2020-07-26,120.0,8884.0,1.0,123.0,17.142857142857142
2020-07-27,0.0,8884.0,0.0,123.0,17.142857142857142
2020-07-28,0.0,8884.0,0.0,123.0,17.142857142857142
2020-07-29,0.0,8884.0,0.0,123.0,17.142857142857142
2020-07-30,0.0,8884.0,0.0,123.0,17.142857142857142
2020-07-31,0.0,8884.0,0.0,123.0,17.142857142857142
2020-08-01,0.0,8884.0,0.0,123.0,17.142857142857142
2020-08-02,101.0,8985.0,2.0,125.0,14.428571428571429
2020-08-03,0.0,8985.0,0.0,125.0,14.428571428571429
2020-08-04,0.0,8985.0,0.0,125.0,14.428571428571429
2020-08-05,0.0,8985.0,0.0,125.0,14.428571428571429
2020-08-06,0.0,8985.0,0.0,125.0,14.428571428571429
2020-08-07,0.0,8985.0,0.0,125.0,14.428571428571429
2020-08-08,0.0,8985.0,0.0,125.0,14.428571428571429
2020-08-09,85.0,9070.0,0.0,125.0,12.142857142857142
2020-08-10,0.0,9070.0,0.0,125.0,12.142857142857142
2020-08-11,0.0,9070.0,0.0,125.0,12.142857142857142
2020-08-12,0.0,9070.0,0.0,125.0,12.142857142857142
2020-08-13,0.0,9070.0,0.0,125.0,12.142857142857142
2020-08-14,0.0,9070.0,0.0,125.0,12.142857142857142
2020-08-15,0.0,9070.0,0.0,125.0,12.142857142857142
2020-08-16,105.0,9175.0,0.0,125.0,15.0
2020-08-17,0.0,9175.0,0.0,125.0,15.0
2020-08-18,0.0,9175.0,0.0,125.0,15.0
2020-08-19,0.0,9175.0,0.0,125.0,15.0
2020-08-20,0.0,9175.0,0.0,125.0,15.0
2020-08-21,0.0,9175.0,0.0,125.0,15.0
2020-08-22,0.0,9175.0,0.0,125.0,15.0
2020-08-23,82.0,9257.0,0.0,125.0,11.714285714285714
2020-08-24,0.0,9257.0,0.0,125.0,11.714285714285714
2020-08-25,0.0,9257.0,0.0,125.0,11.714285714285714
2020-08-26,0.0,9257.0,0.0,125.0,11.714285714285714
2020-08-27,0.0,9257.0,0.0,125.0,11.714285714285714
2020-08-28,0.0,9257.0,0.0,125.0,11.714285714285714
2020-08-29,0.0,9257.0,0.0,125.0,11.714285714285714
2020-08-30,60.0,9317.0,0.0,125.0,8.571428571428571
2020-08-31,0.0,9317.0,0.0,125.0,8.571428571428571
2020-09-01,0.0,9317.0,0.0,125.0,8.571428571428571
2020-09-02,0.0,9317.0,0.0,125.0,8.571428571428571
2020-09-03,0.0,9317.0,0.0,125.0,8.571428571428571
2020-09-04,0.0,9317.0,0.0,125.0,8.571428571428571
2020-09-05,0.0,9317.0,0.0,125.0,8.571428571428571
2020-09-06,74.0,9391.0,3.0,128.0,10.571428571428571
2020-09-07,0.0,9391.0,0.0,128.0,10.571428571428571
2020-09-08,0.0,9391.0,0.0,128.0,10.571428571428571
2020-09-09,0.0,9391.0,0.0,128.0,10.571428571428571
2020-09-10,0.0,9391.0,0.0,128.0,10.571428571428571
2020-09-11,0.0,9391.0,0.0,128.0,10.571428571428571
2020-09-12,0.0,9391.0,0.0,128.0,10.571428571428571
2020-09-13,477.0,9868.0,0.0,128.0,68.14285714285714
2020-09-14,0.0,9868.0,0.0,128.0,68.14285714285714
2020-09-15,0.0,9868.0,0.0,128.0,68.14285714285714
2020-09-16,0.0,9868.0,0.0,128.0,68.14285714285714
2020-09-17,0.0,9868.0,0.0,128.0,68.14285714285714
2020-09-18,0.0,9868.0,0.0,128.0,68.14285714285714
2020-09-19,0.0,9868.0,0.0,128.0,68.14285714285714
2020-09-20,299.0,10167.0,2.0,130.0,42.714285714285715
2020-09-21,0.0,10167.0,0.0,130.0,42.714285714285715
2020-09-22,0.0,10167.0,0.0,130.0,42.714285714285715
2020-09-23,0.0,10167.0,0.0,130.0,42.714285714285715
2020-09-24,0.0,10167.0,0.0,130.0,42.714285714285715
2020-09-25,0.0,10167.0,0.0,130.0,42.714285714285715
2020-09-26,0.0,10167.0,0.0,130.0,42.714285714285715
2020-09-27,602.0,10769.0,3.0,133.0,86.0
2020-09-28,0.0,10769.0,0.0,133.0,86.0
2020-09-29,0.0,10769.0,0.0,133.0,86.0
2020-09-30,0.0,10769.0,0.0,133.0,86.0
2020-10-01,0.0,10769.0,0.0,133.0,86.0
2020-10-02,0.0,10769.0,0.0,133.0,86.0
2020-10-03,0.0,10769.0,0.0,133.0,86.0
2020-10-04,1319.0,12088.0,4.0,137.0,188.42857142857142
2020-10-05,0.0,12088.0,0.0,137.0,188.42857142857142
2020-10-06,0.0,12088.0,0.0,137.0,188.42857142857142
2020-10-07,0.0,12088.0,0.0,137.0,188.42857142857142
2020-10-08,0.0,12088.0,0.0,137.0,188.42857142857142
2020-10-09,0.0,12088.0,0.0,137.0,188.42857142857142
2020-10-10,0.0,12088.0,0.0,137.0,188.42857142857142
2020-10-11,3008.0,15096.0,18.0,155.0,429.7142857142857
2020-10-12,0.0,15096.0,0.0,155.0,429.7142857142857
2020-10-13,0.0,15096.0,0.0,155.0,429.7142857142857
2020-10-14,0.0,15096.0,0.0,155.0,429.7142857142857
2020-10-15,0.0,15096.0,0.0,155.0,429.7142857142857
2020-10-16,0.0,15096.0,0.0,155.0,429.7142857142857
2020-10-17,0.0,15096.0,0.0,155.0,429.7142857142857
2020-10-18,4531.0,19627.0,25.0,180.0,647.2857142857143
2020-10-19,0.0,19627.0,0.0,180.0,647.2857142857143
2020-10-20,0.0,19627.0,0.0,180.0,647.2857142857143
2020-10-21,0.0,19627.0,0.0,180.0,647.2857142857143
2020-10-22,0.0,19627.0,0.0,180.0,647.2857142857143
2020-10-23,0.0,19627.0,0.0,180.0,647.2857142857143
2020-10-24,0.0,19627.0,0.0,180.0,647.2857142857143
2020-10-25,6115.0,25742.0,41.0,221.0,873.5714285714286
2020-10-26,0.0,25742.0,0.0,221.0,873.5714285714286
2020-10-27,0.0,25742.0,0.0,221.0,873.5714285714286
2020-10-28,0.0,25742.0,0.0,221.0,873.5714285714286
2020-10-29,0.0,25742.0,0.0,221.0,873.5714285714286
2020-10-30,0.0,25742.0,0.0,221.0,873.5714285714286
2020-10-31,0.0,25742.0,0.0,221.0,873.5714285714286
2020-11-01,5806.0,31548.0,28.0,249.0,829.4285714285714
2020-11-02,0.0,31548.0,0.0,249.0,829.4285714285714
2020-11-03,0.0,31548.0,0.0,249.0,829.4285714285714
2020-11-04,0.0,31548.0,0.0,249.0,829.4285714285714
2020-11-05,0.0,31548.0,0.0,249.0,829.4285714285714
2020-11-06,0.0,31548.0,0.0,249.0,829.4285714285714
2020-11-07,0.0,31548.0,0.0,249.0,829.4285714285714
2020-11-08,7809.0,39357.0,33.0,282.0,1115.5714285714287
2020-11-09,0.0,39357.0,0.0,282.0,1115.5714285714287
2020-11-10,0.0,39357.0,0.0,282.0,1115.5714285714287
2020-11-11,0.0,39357.0,0.0,282.0,1115.5714285714287
2020-11-12,0.0,39357.0,0.0,282.0,1115.5714285714287
2020-11-13,0.0,39357.0,0.0,282.0,1115.5714285714287
2020-11-14,0.0,39357.0,0.0,282.0,1115.5714285714287
2020-11-15,6852.0,46209.0,24.0,306.0,978.8571428571429
2020-11-16,0.0,46209.0,0.0,306.0,978.8571428571429
2020-11-17,0.0,46209.0,0.0,306.0,978.8571428571429
2020-11-18,0.0,46209.0,0.0,306.0,978.8571428571429
2020-11-19,0.0,46209.0,0.0,306.0,978.8571428571429
2020-11-20,0.0,46209.0,0.0,306.0,978.8571428571429
2020-11-21,0.0,46209.0,0.0,306.0,978.8571428571429
2020-11-22,7470.0,53679.0,26.0,332.0,1067.142857142857
2020-11-23,0.0,53679.0,0.0,332.0,1067.142857142857
2020-11-24,0.0,53679.0,0.0,332.0,1067.142857142857
2020-11-25,0.0,53679.0,0.0,332.0,1067.142857142857
2020-11-26,0.0,53679.0,0.0,332.0,1067.142857142857
2020-11-27,0.0,53679.0,0.0,332.0,1067.142857142857
2020-11-28,0.0,53679.0,0.0,332.0,1067.142857142857
2020-11-29,9497.0,63176.0,22.0,354.0,1356.7142857142858
2020-11-30,0.0,63176.0,0.0,354.0,1356.7142857142858
2020-12-01,0.0,63176.0,0.0,354.0,1356.7142857142858
2020-12-02,0.0,63176.0,0.0,354.0,1356.7142857142858
2020-12-03,0.0,63176.0,0.0,354.0,1356.7142857142858
2020-12-04,0.0,63176.0,0.0,354.0,1356.7142857142858
2020-12-05,0.0,63176.0,0.0,354.0,1356.7142857142858
2020-12-06,8183.0,71359.0,26.0,380.0,1169.0
2020-12-07,0.0,71359.0,0.0,380.0,1169.0
2020-12-08,0.0,71359.0,0.0,380.0,1169.0
2020-12-09,0.0,71359.0,0.0,380.0,1169.0
2020-12-10,0.0,71359.0,0.0,380.0,1169.0
2020-12-11,0.0,71359.0,0.0,380.0,1169.0
2020-12-12,0.0,71359.0,0.0,380.0,1169.0
2020-12-13,10887.0,82246.0,31.0,411.0,1555.2857142857142
2020-12-14,0.0,82246.0,0.0,411.0,1555.2857142857142
2020-12-15,0.0,82246.0,0.0,411.0,1555.2857142857142
2020-12-16,0.0,82246.0,0.0,411.0,1555.2857142857142
2020-12-17,0.0,82246.0,0.0,411.0,1555.2857142857142
2020-12-18,0.0,82246.0,0.0,411.0,1555.2857142857142
2020-12-19,0.0,82246.0,0.0,411.0,1555.2857142857142
2020-12-20,9723.0,91969.0,22.0,433.0,1389.0
2020-12-21,0.0,91969.0,0.0,433.0,1389.0
2020-12-22,0.0,91969.0,0.0,433.0,1389.0
2020-12-23,0.0,91969.0,0.0,433.0,1389.0
2020-12-24,0.0,91969.0,0.0,433.0,1389.0
2020-12-25,0.0,91969.0,0.0,433.0,1389.0
2020-12-26,0.0,91969.0,0.0,433.0,1389.0
2020-12-27,11931.0,103900.0,18.0,451.0,1704.4285714285713
2020-12-28,0.0,103900.0,0.0,451.0,1704.4285714285713
2020-12-29,0.0,103900.0,0.0,451.0,1704.4285714285713
2020-12-30,0.0,103900.0,0.0,451.0,1704.4285714285713
2020-12-31,0.0,103900.0,0.0,451.0,1704.4285714285713
2021-01-01,0.0,103900.0,0.0,451.0,1704.4285714285713
2021-01-02,0.0,103900.0,0.0,451.0,1704.4285714285713
2021-01-03,15177.0,119077.0,32.0,483.0,2168.1428571428573
2021-01-04,0.0,119077.0,0.0,483.0,2168.1428571428573
2021-01-05,0.0,119077.0,0.0,483.0,2168.1428571428573
2021-01-06,0.0,119077.0,0.0,483.0,2168.1428571428573
2021-01-07,0.0,119077.0,0.0,483.0,2168.1428571428573
2021-01-08,0.0,119077.0,0.0,483.0,2168.1428571428573
2021-01-09,0.0,119077.0,0.0,483.0,2168.1428571428573
2021-01-10,16915.0,135992.0,59.0,542.0,2416.4285714285716
2021-01-11,0.0,135992.0,0.0,542.0,2416.4285714285716
2021-01-12,0.0,135992.0,0.0,542.0,2416.4285714285716
2021-01-13,0.0,135992.0,0.0,542.0,2416.4285714285716
2021-01-14,0.0,135992.0,0.0,542.0,2416.4285714285716
2021-01-15,0.0,135992.0,0.0,542.0,2416.4285714285716
2021-01-16,0.0,135992.0,0.0,542.0,2416.4285714285716
2021-01-17,22442.0,158434.0,52.0,594.0,3206.0
2021-01-18,0.0,158434.0,0.0,594.0,3206.0
2021-01-19,0.0,158434.0,0.0,594.0,3206.0
2021-01-20,0.0,158434.0,0.0,594.0,3206.0
2021-01-21,0.0,158434.0,0.0,594.0,3206.0
2021-01-22,0.0,158434.0,0.0,594.0,3206.0
2021-01-23,0.0,158434.0,0.0,594.0,3206.0
2021-01-24,25367.0,183801.0,73.0,667.0,3623.8571428571427
2021-01-25,0.0,183801.0,0.0,667.0,3623.8571428571427
2021-01-26,0.0,183801.0,0.0,667.0,3623.8571428571427
2021-01-27,0.0,183801.0,0.0,667.0,3623.8571428571427
2021-01-28,0.0,183801.0,0.0,667.0,3623.8571428571427
2021-01-29,0.0,183801.0,0.0,667.0,3623.8571428571427
2021-01-30,0.0,183801.0,0.0,667.0,3623.8571428571427
2021-01-31,31158.0,214959.0,79.0,746.0,4451.142857142857
2021-02-01,0.0,214959.0,0.0,746.0,4451.142857142857
2021-02-02,0.0,214959.0,0.0,746.0,4451.142857142857
2021-02-03,0.0,214959.0,0.0,746.0,4451.142857142857
2021-02-04,0.0,214959.0,0.0,746.0,4451.142857142857
2021-02-05,0.0,214959.0,0.0,746.0,4451.142857142857
2021-02-06,0.0,214959.0,0.0,746.0,4451.142857142857
2021-02-07,27493.0,242452.0,111.0,857.0,3927.5714285714284
2021-02-08,0.0,242452.0,0.0,857.0,3927.5714285714284
2021-02-09,0.0,242452.0,0.0,857.0,3927.5714285714284
2021-02-10,0.0,242452.0,0.0,857.0,3927.5714285714284
2021-02-11,0.0,242452.0,0.0,857.0,3927.5714285714284
2021-02-12,0.0,242452.0,0.0,857.0,3927.5714285714284
2021-02-13,0.0,242452.0,0.0,857.0,3927.5714285714284
2021-02-14,21817.0,264269.0,101.0,958.0,3116.714285714286
2021-02-15,0.0,264269.0,0.0,958.0,3116.714285714286
2021-02-16,0.0,264269.0,0.0,958.0,3116.714285714286
2021-02-17,0.0,264269.0,0.0,958.0,3116.714285714286
2021-02-18,0.0,264269.0,0.0,958.0,3116.714285714286
2021-02-19,0.0,264269.0,0.0,958.0,3116.714285714286
2021-02-20,0.0,264269.0,0.0,958.0,3116.714285714286
2021-02-21,19300.0,283569.0,93.0,1051.0,2757.1428571428573
2021-02-22,0.0,283569.0,0.0,1051.0,2757.1428571428573
2021-02-23,0.0,283569.0,0.0,1051.0,2757.1428571428573
2021-02-24,0.0,283569.0,0.0,1051.0,2757.1428571428573
2021-02-25,0.0,283569.0,0.0,1051.0,2757.1428571428573
2021-02-26,0.0,283569.0,0.0,1051.0,2757.1428571428573
2021-02-27,0.0,283569.0,0.0,1051.0,2757.1428571428573
2021-02-28,17183.0,300752.0,70.0,1121.0,2454.714285714286
2021-03-01,0.0,300752.0,0.0,1121.0,2454.714285714286
2021-03-02,0.0,300752.0,0.0,1121.0,2454.714285714286
2021-03-03,0.0,300752.0,0.0,1121.0,2454.714285714286
2021-03-04,0.0,300752.0,0.0,1121.0,2454.714285714286
2021-03-05,0.0,300752.0,0.0,1121.0,2454.714285714286
2021-03-06,0.0,300752.0,0.0,1121.0,2454.714285714286
2021-03-07,12708.0,313460.0,45.0,1166.0,1815.4285714285713
2021-03-08,0.0,313460.0,0.0,1166.0,1815.4285714285713
2021-03-09,0.0,313460.0,0.0,1166.0,1815.4285714285713
2021-03-10,0.0,313460.0,0.0,1166.0,1815.4285714285713
2021-03-11,0.0,313460.0,0.0,1166.0,1815.4285714285713
2021-03-12,0.0,313460.0,0.0,1166.0,1815.4285714285713
2021-03-13,0.0,313460.0,0.0,1166.0,1815.4285714285713
2021-03-14,10303.0,323763.0,40.0,1206.0,1471.857142857143
2021-03-15,0.0,323763.0,0.0,1206.0,1471.857142857143
2021-03-16,0.0,323763.0,0.0,1206.0,1471.857142857143
2021-03-17,0.0,323763.0,0.0,1206.0,1471.857142857143
2021-03-18,0.0,323763.0,0.0,1206.0,1471.857142857143
2021-03-19,0.0,323763.0,0.0,1206.0,1471.857142857143
2021-03-20,0.0,323763.0,0.0,1206.0,1471.857142857143
2021-03-21,9277.0,333040.0,23.0,1229.0,1325.2857142857142
2021-03-22,0.0,333040.0,0.0,1229.0,1325.2857142857142
2021-03-23,0.0,333040.0,0.0,1229.0,1325.2857142857142
2021-03-24,0.0,333040.0,0.0,1229.0,1325.2857142857142
2021-03-25,0.0,333040.0,0.0,1229.0,1325.2857142857142
2021-03-26,0.0,333040.0,0.0,1229.0,1325.2857142857142
2021-03-27,0.0,333040.0,0.0,1229.0,1325.2857142857142
2021-03-28,8904.0,341944.0,22.0,1251.0,1272.0
2021-03-29,0.0,341944.0,0.0,1251.0,1272.0
2021-03-30,0.0,341944.0,0.0,1251.0,1272.0
2021-03-31,0.0,341944.0,0.0,1251.0,1272.0
2021-04-01,0.0,341944.0,0.0,1251.0,1272.0
2021-04-02,0.0,341944.0,0.0,1251.0,1272.0
2021-04-03,0.0,341944.0,0.0,1251.0,1272.0
2021-04-04,9015.0,350959.0,35.0,1286.0,1287.857142857143
2021-04-05,0.0,350959.0,0.0,1286.0,1287.857142857143
2021-04-06,0.0,350959.0,0.0,1286.0,1287.857142857143
2021-04-07,0.0,350959.0,0.0,1286.0,1287.857142857143
2021-04-08,0.0,350959.0,0.0,1286.0,1287.857142857143
2021-04-09,0.0,350959.0,0.0,1286.0,1287.857142857143
2021-04-10,0.0,350959.0,0.0,1286.0,1287.857142857143
2021-04-11,9897.0,360856.0,35.0,1321.0,1413.857142857143
2021-04-12,0.0,360856.0,0.0,1321.0,1413.857142857143
2021-04-13,0.0,360856.0,0.0,1321.0,1413.857142857143
2021-04-14,0.0,360856.0,0.0,1321.0,1413.857142857143
2021-04-15,0.0,360856.0,0.0,1321.0,1413.857142857143
2021-04-16,0.0,360856.0,0.0,1321.0,1413.857142857143
2021-04-17,0.0,360856.0,0.0,1321.0,1413.857142857143
2021-04-18,14198.0,375054.0,49.0,1370.0,2028.2857142857142
2021-04-19,0.0,375054.0,0.0,1370.0,2028.2857142857142
2021-04-20,0.0,375054.0,0.0,1370.0,2028.2857142857142
2021-04-21,0.0,375054.0,0.0,1370.0,2028.2857142857142
2021-04-22,0.0,375054.0,0.0,1370.0,2028.2857142857142
2021-04-23,0.0,375054.0,0.0,1370.0,2028.2857142857142
2021-04-24,0.0,375054.0,0.0,1370.0,2028.2857142857142
2021-04-25,17888.0,392942.0,56.0,1426.0,2555.4285714285716
2021-04-26,0.0,392942.0,0.0,1426.0,2555.4285714285716
2021-04-27,0.0,392942.0,0.0,1426.0,2555.4285714285716
2021-04-28,0.0,392942.0,0.0,1426.0,2555.4285714285716
2021-04-29,0.0,392942.0,0.0,1426.0,2555.4285714285716
2021-04-30,0.0,392942.0,0.0,1426.0,2555.4285714285716
2021-05-01,0.0,392942.0,0.0,1426.0,2555.4285714285716
2021-05-02,22070.0,415012.0,107.0,1533.0,3152.8571428571427
2021-05-03,0.0,415012.0,0.0,1533.0,3152.8571428571427
2021-05-04,0.0,415012.0,0.0,1533.0,3152.8571428571427
2021-05-05,0.0,415012.0,0.0,1533.0,3152.8571428571427
2021-05-06,0.0,415012.0,0.0,1533.0,3152.8571428571427
2021-05-07,0.0,415012.0,0.0,1533.0,3152.8571428571427
2021-05-08,0.0,415012.0,0.0,1533.0,3152.8571428571427
2021-05-09,25665.0,440677.0,150.0,1683.0,3666.4285714285716
2021-05-10,0.0,440677.0,0.0,1683.0,3666.4285714285716
2021-05-11,0.0,440677.0,0.0,1683.0,3666.4285714285716
2021-05-12,0.0,440677.0,0.0,1683.0,3666.4285714285716
2021-05-13,0.0,440677.0,0.0,1683.0,3666.4285714285716
2021-05-14,0.0,440677.0,0.0,1683.0,3666.4285714285716
2021-05-15,0.0,440677.0,0.0,1683.0,3666.4285714285716
2021-05-16,29433.0,470110.0,219.0,1902.0,4204.714285714285
2021-05-17,0.0,470110.0,0.0,1902.0,4204.714285714285
2021-05-18,0.0,470110.0,0.0,1902.0,4204.714285714285
2021-05-19,0.0,470110.0,0.0,1902.0,4204.714285714285
2021-05-20,0.0,470110.0,0.0,1902.0,4204.714285714285
2021-05-21,0.0,470110.0,0.0,1902.0,4204.714285714285
2021-05-22,0.0,470110.0,0.0,1902.0,4204.714285714285
2021-05-23,41981.0,512091.0,346.0,2248.0,5997.285714285715
2021-05-24,0.0,512091.0,0.0,2248.0,5997.285714285715
2021-05-25,0.0,512091.0,0.0,2248.0,5997.285714285715
2021-05-26,0.0,512091.0,0.0,2248.0,5997.285714285715
2021-05-27,0.0,512091.0,0.0,2248.0,5997.285714285715
2021-05-28,0.0,512091.0,0.0,2248.0,5997.285714285715
2021-05-29,0.0,512091.0,0.0,2248.0,5997.285714285715
2021-05-30,53442.0,565533.0,481.0,2729.0,7634.571428571428
2021-05-31,0.0,565533.0,0.0,2729.0,7634.571428571428
2021-06-01,0.0,565533.0,0.0,2729.0,7634.571428571428
2021-06-02,0.0,565533.0,0.0,2729.0,7634.571428571428
2021-06-03,0.0,565533.0,0.0,2729.0,7634.571428571428
2021-06-04,0.0,565533.0,0.0,2729.0,7634.571428571428
2021-06-05,0.0,565533.0,0.0,2729.0,7634.571428571428
2021-06-06,51282.0,616815.0,649.0,3378.0,7326.0
2021-06-07,0.0,616815.0,0.0,3378.0,7326.0
2021-06-08,0.0,616815.0,0.0,3378.0,7326.0
2021-06-09,0.0,616815.0,0.0,3378.0,7326.0
2021-06-10,0.0,616815.0,0.0,3378.0,7326.0
2021-06-11,0.0,616815.0,0.0,3378.0,7326.0
2021-06-12,0.0,616815.0,0.0,3378.0,7326.0
2021-06-13,40693.0,657508.0,530.0,3908.0,5813.285714285715
2021-06-14,0.0,657508.0,0.0,3908.0,5813.285714285715
2021-06-15,0.0,657508.0,0.0,3908.0,5813.285714285715
2021-06-16,0.0,657508.0,0.0,3908.0,5813.285714285715
2021-06-17,0.0,657508.0,0.0,3908.0,5813.285714285715
2021-06-18,0.0,657508.0,0.0,3908.0,5813.285714285715
2021-06-19,0.0,657508.0,0.0,3908.0,5813.285714285715
2021-06-20,38900.0,696408.0,500.0,4408.0,5557.142857142857
2021-06-21,0.0,696408.0,0.0,4408.0,5557.142857142857
2021-06-22,0.0,696408.0,0.0,4408.0,5557.142857142857
2021-06-23,0.0,696408.0,0.0,4408.0,5557.142857142857
2021-06-24,0.0,696408.0,0.0,4408.0,5557.142857142857
2021-06-25,0.0,696408.0,0.0,4408.0,5557.142857142857
2021-06-26,0.0,696408.0,0.0,4408.0,5557.142857142857
2021-06-27,37640.0,734048.0,536.0,4944.0,5377.142857142857
2021-06-28,0.0,734048.0,0.0,4944.0,5377.142857142857
2021-06-29,0.0,734048.0,0.0,4944.0,5377.142857142857
2021-06-30,0.0,734048.0,0.0,4944.0,5377.142857142857
2021-07-01,0.0,734048.0,0.0,4944.0,5377.142857142857
2021-07-02,0.0,734048.0,0.0,4944.0,5377.142857142857
2021-07-03,0.0,734048.0,0.0,4944.0,5377.142857142857
2021-07-04,44604.0,778652.0,553.0,5497.0,6372.0
2021-07-05,0.0,778652.0,0.0,5497.0,6372.0
2021-07-06,0.0,778652.0,0.0,5497.0,6372.0
2021-07-07,0.0,778652.0,0.0,5497.0,6372.0
2021-07-08,0.0,778652.0,0.0,5497.0,6372.0
2021-07-09,0.0,778652.0,0.0,5497.0,6372.0
2021-07-10,0.0,778652.0,0.0,5497.0,6372.0
2021-07-11,57644.0,836296.0,661.0,6158.0,8234.857142857143
2021-07-12,0.0,836296.0,0.0,6158.0,8234.857142857143
2021-07-13,0.0,836296.0,0.0,6158.0,8234.857142857143
2021-07-14,0.0,836296.0,0.0,6158.0,8234.857142857143
2021-07-15,0.0,836296.0,0.0,6158.0,8234.857142857143
2021-07-16,0.0,836296.0,0.0,6158.0,8234.857142857143
2021-07-17,0.0,836296.0,0.0,6158.0,8234.857142857143
2021-07-18,80265.0,916561.0,861.0,7019.0,11466.42857142857
2021-07-19,0.0,916561.0,0.0,7019.0,11466.42857142857
2021-07-20,0.0,916561.0,0.0,7019.0,11466.42857142857
2021-07-21,0.0,916561.0,0.0,7019.0,11466.42857142857
2021-07-22,0.0,916561.0,0.0,7019.0,11466.42857142857
2021-07-23,0.0,916561.0,0.0,7019.0,11466.42857142857
2021-07-24,0.0,916561.0,0.0,7019.0,11466.42857142857
2021-07-25,96877.0,1013438.0,975.0,7994.0,13839.57142857143
2021-07-26,0.0,1013438.0,0.0,7994.0,13839.57142857143
2021-07-27,0.0,1013438.0,0.0,7994.0,13839.57142857143
2021-07-28,0.0,1013438.0,0.0,7994.0,13839.57142857143
2021-07-29,0.0,1013438.0,0.0,7994.0,13839.57142857143
2021-07-30,0.0,1013438.0,0.0,7994.0,13839.57142857143
2021-07-31,0.0,1013438.0,0.0,7994.0,13839.57142857143
2021-08-01,116984.0,1130422.0,1190.0,9184.0,16712.0
2021-08-02,0.0,1130422.0,0.0,9184.0,16712.0
2021-08-03,0.0,1130422.0,0.0,9184.0,16712.0
2021-08-04,0.0,1130422.0,0.0,9184.0,16712.0
2021-08-05,0.0,1130422.0,0.0,9184.0,16712.0
2021-08-06,0.0,1130422.0,0.0,9184.0,16712.0
2021-08-07,0.0,1130422.0,0.0,9184.0,16712.0
2021-08-08,132118.0,1262540.0,1565.0,10749.0,18874.0
2021-08-09,0.0,1262540.0,0.0,10749.0,18874.0
2021-08-10,0.0,1262540.0,0.0,10749.0,18874.0
2021-08-11,0.0,1262540.0,0.0,10749.0,18874.0
2021-08-12,0.0,1262540.0,0.0,10749.0,18874.0
2021-08-13,0.0,1262540.0,0.0,10749.0,18874.0
2021-08-14,0.0,1262540.0,0.0,10749.0,18874.0
2021-08-15,142359.0,1404899.0,1761.0,12510.0,20337.0
2021-08-16,0.0,1404899.0,0.0,12510.0,20337.0
2021-08-17,0.0,1404899.0,0.0,12510.0,20337.0
2021-08-18,0.0,1404899.0,0.0,12510.0,20337.0
2021-08-19,0.0,1404899.0,0.0,12510.0,20337.0
2021-08-20,0.0,1404899.0,0.0,12510.0,20337.0
2021-08-21,0.0,1404899.0,0.0,12510.0,20337.0
2021-08-22,150194.0,1555093.0,1658.0,14168.0,21456.285714285714
2021-08-23,0.0,1555093.0,0.0,14168.0,21456.285714285714
2021-08-24,0.0,1555093.0,0.0,14168.0,21456.285714285714
2021-08-25,0.0,1555093.0,0.0,14168.0,21456.285714285714
2021-08-26,0.0,1555093.0,0.0,14168.0,21456.285714285714
2021-08-27,0.0,1555093.0,0.0,14168.0,21456.285714285714
2021-08-28,0.0,1555093.0,0.0,14168.0,21456.285714285714
2021-08-29,150996.0,1706089.0,1919.0,16087.0,21570.85714285714
2021-08-30,0.0,1706089.0,0.0,16087.0,21570.85714285714
2021-08-31,0.0,1706089.0,0.0,16087.0,21570.85714285714
2021-09-01,0.0,1706089.0,0.0,16087.0,21570.85714285714
2021-09-02,0.0,1706089.0,0.0,16087.0,21570.85714285714
2021-09-03,0.0,1706089.0,0.0,16087.0,21570.85714285714
2021-09-04,0.0,1706089.0,0.0,16087.0,21570.85714285714
2021-09-05,138746.0,1844835.0,2132.0,18219.0,19820.85714285714
2021-09-06,0.0,1844835.0,0.0,18219.0,19820.85714285714
2021-09-07,0.0,1844835.0,0.0,18219.0,19820.85714285714
2021-09-08,0.0,1844835.0,0.0,18219.0,19820.85714285714
2021-09-09,0.0,1844835.0,0.0,18219.0,19820.85714285714
2021-09-10,0.0,1844835.0,0.0,18219.0,19820.85714285714
2021-09-11,0.0,1844835.0,0.0,18219.0,19820.85714285714
2021-09-12,134863.0,1979698.0,2492.0,20711.0,19266.14285714286
2021-09-13,0.0,1979698.0,0.0,20711.0,19266.14285714286
2021-09-14,0.0,1979698.0,0.0,20711.0,19266.14285714286
2021-09-15,0.0,1979698.0,0.0,20711.0,19266.14285714286
2021-09-16,0.0,1979698.0,0.0,20711.0,19266.14285714286
2021-09-17,0.0,1979698.0,0.0,20711.0,19266.14285714286
2021-09-18,0.0,1979698.0,0.0,20711.0,19266.14285714286
2021-09-19,118132.0,2097830.0,2732.0,23443.0,16876.0
2021-09-20,0.0,2097830.0,0.0,23443.0,16876.0
2021-09-21,0.0,2097830.0,0.0,23443.0,16876.0
2021-09-22,0.0,2097830.0,0.0,23443.0,16876.0
2021-09-23,0.0,2097830.0,0.0,23443.0,16876.0
2021-09-24,0.0,2097830.0,0.0,23443.0,16876.0
2021-09-25,0.0,2097830.0,0.0,23443.0,16876.0
2021-09-26,100405.0,2198235.0,1994.0,25437.0,14343.57142857143
2021-09-27,0.0,2198235.0,0.0,25437.0,14343.57142857143
2021-09-28,0.0,2198235.0,0.0,25437.0,14343.57142857143
2021-09-29,0.0,2198235.0,0.0,25437.0,14343.57142857143
2021-09-30,0.0,2198235.0,0.0,25437.0,14343.57142857143
2021-10-01,0.0,2198235.0,0.0,25437.0,14343.57142857143
2021-10-02,0.0,2198235.0,0.0,25437.0,14343.57142857143
2021-10-03,79330.0,2277565.0,1246.0,26683.0,11332.857142857143
2021-10-04,0.0,2277565.0,0.0,26683.0,11332.857142857143
2021-10-05,0.0,2277565.0,0.0,26683.0,11332.857142857143
2021-10-06,0.0,2277565.0,0.0,26683.0,11332.857142857143
2021-10-07,0.0,2277565.0,0.0,26683.0,11332.857142857143
2021-10-08,0.0,2277565.0,0.0,26683.0,11332.857142857143
2021-10-09,0.0,2277565.0,0.0,26683.0,11332.857142857143
2021-10-10,62029.0,2339594.0,646.0,27329.0,8861.285714285714
2021-10-11,0.0,2339594.0,0.0,27329.0,8861.285714285714
2021-10-12,0.0,2339594.0,0.0,27329.0,8861.285714285714
2021-10-13,0.0,2339594.0,0.0,27329.0,8861.285714285714
2021-10-14,0.0,2339594.0,0.0,27329.0,8861.285714285714
2021-10-15,0.0,2339594.0,0.0,27329.0,8861.285714285714
2021-10-16,0.0,2339594.0,0.0,27329.0,8861.285714285714
2021-10-17,51093.0,2390687.0,592.0,27921.0,7299.0
2021-10-18,0.0,2390687.0,0.0,27921.0,7299.0
2021-10-19,0.0,2390687.0,0.0,27921.0,7299.0
2021-10-20,0.0,2390687.0,0.0,27921.0,7299.0
2021-10-21,0.0,2390687.0,0.0,27921.0,7299.0
2021-10-22,0.0,2390687.0,0.0,27921.0,7299.0
2021-10-23,0.0,2390687.0,0.0,27921.0,7299.0
2021-10-24,41029.0,2431716.0,479.0,28400.0,5861.285714285715
2021-10-25,0.0,2431716.0,0.0,28400.0,5861.285714285715
2021-10-26,0.0,2431716.0,0.0,28400.0,5861.285714285715
2021-10-27,0.0,2431716.0,0.0,28400.0,5861.285714285715
2021-10-28,0.0,2431716.0,0.0,28400.0,5861.285714285715
2021-10-29,0.0,2431716.0,0.0,28400.0,5861.285714285715
2021-10-30,0.0,2431716.0,0.0,28400.0,5861.285714285715
2021-10-31,39926.0,2471642.0,512.0,28912.0,5703.714285714285
2021-11-01,0.0,2471642.0,0.0,28912.0,5703.714285714285
2021-11-02,0.0,2471642.0,0.0,28912.0,5703.714285714285
2021-11-03,0.0,2471642.0,0.0,28912.0,5703.714285714285
2021-11-04,0.0,2471642.0,0.0,28912.0,5703.714285714285
2021-11-05,0.0,2471642.0,0.0,28912.0,5703.714285714285
2021-11-06,0.0,2471642.0,0.0,28912.0,5703.714285714285
2021-11-07,34667.0,2506309.0,379.0,29291.0,4952.428571428572
2021-11-08,0.0,2506309.0,0.0,29291.0,4952.428571428572
2021-11-09,0.0,2506309.0,0.0,29291.0,4952.428571428572
2021-11-10,0.0,2506309.0,0.0,29291.0,4952.428571428572
2021-11-11,0.0,2506309.0,0.0,29291.0,4952.428571428572
2021-11-12,0.0,2506309.0,0.0,29291.0,4952.428571428572
2021-11-13,0.0,2506309.0,0.0,29291.0,4952.428571428572
2021-11-14,40000.0,2546309.0,385.0,29676.0,5714.285714285715
2021-11-15,0.0,2546309.0,0.0,29676.0,5714.285714285715
2021-11-16,0.0,2546309.0,0.0,29676.0,5714.285714285715
2021-11-17,0.0,2546309.0,0.0,29676.0,5714.285714285715
2021-11-18,0.0,2546309.0,0.0,29676.0,5714.285714285715
2021-11-19,0.0,2546309.0,0.0,29676.0,5714.285714285715
2021-11-20,0.0,2546309.0,0.0,29676.0,5714.285714285715
2021-11-21,40292.0,2586601.0,326.0,30002.0,5756.0
2021-11-22,0.0,2586601.0,0.0,30002.0,5756.0
2021-11-23,0.0,2586601.0,0.0,30002.0,5756.0
2021-11-24,0.0,2586601.0,0.0,30002.0,5756.0
2021-11-25,0.0,2586601.0,0.0,30002.0,5756.0
2021-11-26,0.0,2586601.0,0.0,30002.0,5756.0
2021-11-27,0.0,2586601.0,0.0,30002.0,5756.0
2021-11-28,37215.0,2623816.0,307.0,30309.0,5316.428571428572
2021-11-29,0.0,2623816.0,0.0,30309.0,5316.428571428572
2021-11-30,0.0,2623816.0,0.0,30309.0,5316.428571428572
2021-12-01,0.0,2623816.0,0.0,30309.0,5316.428571428572
2021-12-02,0.0,2623816.0,0.0,30309.0,5316.428571428572
2021-12-03,0.0,2623816.0,0.0,30309.0,5316.428571428572
2021-12-04,0.0,2623816.0,0.0,30309.0,5316.428571428572
2021-12-05,34956.0,2658772.0,305.0,30614.0,4993.714285714285
2021-12-06,0.0,2658772.0,0.0,30614.0,4993.714285714285
2021-12-07,0.0,2658772.0,0.0,30614.0,4993.714285714285
2021-12-08,0.0,2658772.0,0.0,30614.0,4993.714285714285
2021-12-09,0.0,2658772.0,0.0,30614.0,4993.714285714285
2021-12-10,0.0,2658772.0,0.0,30614.0,4993.714285714285
2021-12-11,0.0,2658772.0,0.0,30614.0,4993.714285714285
2021-12-12,32867.0,2691639.0,265.0,30879.0,4695.285714285715
2021-12-13,0.0,2691639.0,0.0,30879.0,4695.285714285715
2021-12-14,0.0,2691639.0,0.0,30879.0,4695.285714285715
2021-12-15,0.0,2691639.0,0.0,30879.0,4695.285714285715
2021-12-16,0.0,2691639.0,0.0,30879.0,4695.285714285715
2021-12-17,0.0,2691639.0,0.0,30879.0,4695.285714285715
2021-12-18,0.0,2691639.0,0.0,30879.0,4695.285714285715
2021-12-19,27316.0,2718955.0,213.0,31092.0,3902.285714285714
2021-12-20,0.0,2718955.0,0.0,31092.0,3902.285714285714
2021-12-21,0.0,2718955.0,0.0,31092.0,3902.285714285714
2021-12-22,0.0,2718955.0,0.0,31092.0,3902.285714285714
2021-12-23,0.0,2718955.0,0.0,31092.0,3902.285714285714
2021-12-24,0.0,2718955.0,0.0,31092.0,3902.285714285714
2021-12-25,0.0,2718955.0,0.0,31092.0,3902.285714285714
2021-12-26,22224.0,2741179.0,242.0,31334.0,3174.8571428571427
2021-12-27,0.0,2741179.0,0.0,31334.0,3174.8571428571427
2021-12-28,0.0,2741179.0,0.0,31334.0,3174.8571428571427
2021-12-29,0.0,2741179.0,0.0,31334.0,3174.8571428571427
2021-12-30,0.0,2741179.0,0.0,31334.0,3174.8571428571427
2021-12-31,0.0,2741179.0,0.0,31334.0,3174.8571428571427
2022-01-01,0.0,2741179.0,0.0,31334.0,3174.8571428571427
2022-01-02,23175.0,2764354.0,198.0,31532.0,3310.714285714286
2022-01-03,0.0,2764354.0,0.0,31532.0,3310.714285714286
2022-01-04,0.0,2764354.0,0.0,31532.0,3310.714285714286
2022-01-05,0.0,2764354.0,0.0,31532.0,3310.714285714286
2022-01-06,0.0,2764354.0,0.0,31532.0,3310.714285714286
2022-01-07,0.0,2764354.0,0.0,31532.0,3310.714285714286
2022-01-08,0.0,2764354.0,0.0,31532.0,3310.714285714286
2022-01-09,21865.0,2786219.0,146.0,31678.0,3123.5714285714284
2022-01-10,0.0,2786219.0,0.0,31678.0,3123.5714285714284
2022-01-11,0.0,2786219.0,0.0,31678.0,3123.5714285714284
2022-01-12,0.0,2786219.0,0.0,31678.0,3123.5714285714284
2022-01-13,0.0,2786219.0,0.0,31678.0,3123.5714285714284
2022-01-14,0.0,2786219.0,0.0,31678.0,3123.5714285714284
2022-01-15,0.0,2786219.0,0.0,31678.0,3123.5714285714284
2022-01-16,22128.0,2808347.0,115.0,31793.0,3161.1428571428573
2022-01-17,0.0,2808347.0,0.0,31793.0,3161.1428571428573
2022-01-18,0.0,2808347.0,0.0,31793.0,3161.1428571428573
2022-01-19,0.0,2808347.0,0.0,31793.0,3161.1428571428573
2022-01-20,0.0,2808347.0,0.0,31793.0,3161.1428571428573
2022-01-21,0.0,2808347.0,0.0,31793.0,3161.1428571428573
2022-01-22,0.0,2808347.0,0.0,31793.0,3161.1428571428573
2022-01-23,24598.0,2832945.0,99.0,31892.0,3514.0
2022-01-24,0.0,2832945.0,0.0,31892.0,3514.0
2022-01-25,0.0,2832945.0,0.0,31892.0,3514.0
2022-01-26,0.0,2832945.0,0.0,31892.0,3514.0
2022-01-27,0.0,2832945.0,0.0,31892.0,3514.0
2022-01-28,0.0,2832945.0,0.0,31892.0,3514.0
2022-01-29,0.0,2832945.0,0.0,31892.0,3514.0
2022-01-30,33039.0,2865984.0,73.0,31965.0,4719.857142857143
2022-01-31,0.0,2865984.0,0.0,31965.0,4719.857142857143
2022-02-01,0.0,2865984.0,0.0,31965.0,4719.857142857143
2022-02-02,0.0,2865984.0,0.0,31965.0,4719.857142857143
2022-02-03,0.0,2865984.0,0.0,31965.0,4719.857142857143
2022-02-04,0.0,2865984.0,0.0,31965.0,4719.857142857143
2022-02-05,0.0,2865984.0,0.0,31965.0,4719.857142857143
2022-02-06,48236.0,2914220.0,69.0,32034.0,6890.857142857143
2022-02-07,0.0,2914220.0,0.0,32034.0,6890.857142857143
2022-02-08,0.0,2914220.0,0.0,32034.0,6890.857142857143
2022-02-09,0.0,2914220.0,0.0,32034.0,6890.857142857143
2022-02-10,0.0,2914220.0,0.0,32034.0,6890.857142857143
2022-02-11,0.0,2914220.0,0.0,32034.0,6890.857142857143
2022-02-12,0.0,2914220.0,0.0,32034.0,6890.857142857143
2022-02-13,126015.0,3040235.0,91.0,32125.0,18002.14285714286
2022-02-14,0.0,3040235.0,0.0,32125.0,18002.14285714286
2022-02-15,0.0,3040235.0,0.0,32125.0,18002.14285714286
2022-02-16,0.0,3040235.0,0.0,32125.0,18002.14285714286
2022-02-17,0.0,3040235.0,0.0,32125.0,18002.14285714286
2022-02-18,0.0,3040235.0,0.0,32125.0,18002.14285714286
2022-02-19,0.0,3040235.0,0.0,32125.0,18002.14285714286
2022-02-20,181445.0,3221680.0,222.0,32347.0,25920.714285714286
2022-02-21,0.0,3221680.0,0.0,32347.0,25920.714285714286
2022-02-22,0.0,3221680.0,0.0,32347.0,25920.714285714286
2022-02-23,0.0,3221680.0,0.0,32347.0,25920.714285714286
2022-02-24,0.0,3221680.0,0.0,32347.0,25920.714285714286
2022-02-25,0.0,3221680.0,0.0,32347.0,25920.714285714286
2022-02-26,0.0,3221680.0,0.0,32347.0,25920.714285714286
2022-02-27,197956.0,3419636.0,327.0,32674.0,28279.428571428572
2022-02-28,0.0,3419636.0,0.0,32674.0,28279.428571428572
2022-03-01,0.0,3419636.0,0.0,32674.0,28279.428571428572
2022-03-02,0.0,3419636.0,0.0,32674.0,28279.428571428572
2022-03-03,0.0,3419636.0,0.0,32674.0,28279.428571428572
2022-03-04,0.0,3419636.0,0.0,32674.0,28279.428571428572
2022-03-05,0.0,3419636.0,0.0,32674.0,28279.428571428572
2022-03-06,202971.0,3622607.0,554.0,33228.0,28995.85714285714
2022-03-07,0.0,3622607.0,0.0,33228.0,28995.85714285714
2022-03-08,0.0,3622607.0,0.0,33228.0,28995.85714285714
2022-03-09,0.0,3622607.0,0.0,33228.0,28995.85714285714
2022-03-10,0.0,3622607.0,0.0,33228.0,28995.85714285714
2022-03-11,0.0,3622607.0,0.0,33228.0,28995.85714285714
2022-03-12,0.0,3622607.0,0.0,33228.0,28995.85714285714
2022-03-13,200964.0,3823571.0,579.0,33807.0,28709.14285714286
2022-03-14,0.0,3823571.0,0.0,33807.0,28709.14285714286
2022-03-15,0.0,3823571.0,0.0,33807.0,28709.14285714286
2022-03-16,0.0,3823571.0,0.0,33807.0,28709.14285714286
2022-03-17,0.0,3823571.0,0.0,33807.0,28709.14285714286
2022-03-18,0.0,3823571.0,0.0,33807.0,28709.14285714286
2022-03-19,0.0,3823571.0,0.0,33807.0,28709.14285714286
2022-03-20,169553.0,3993124.0,593.0,34400.0,24221.85714285714
2022-03-21,0.0,3993124.0,0.0,34400.0,24221.85714285714
2022-03-22,0.0,3993124.0,0.0,34400.0,24221.85714285714
2022-03-23,0.0,3993124.0,0.0,34400.0,24221.85714285714
2022-03-24,0.0,3993124.0,0.0,34400.0,24221.85714285714
2022-03-25,0.0,3993124.0,0.0,34400.0,24221.85714285714
2022-03-26,0.0,3993124.0,0.0,34400.0,24221.85714285714
2022-03-27,145743.0,4138867.0,388.0,34788.0,20820.428571428572
2022-03-28,0.0,4138867.0,0.0,34788.0,20820.428571428572
2022-03-29,0.0,4138867.0,0.0,34788.0,20820.428571428572
2022-03-30,0.0,4138867.0,0.0,34788.0,20820.428571428572
2022-03-31,0.0,4138867.0,0.0,34788.0,20820.428571428572
2022-04-01,0.0,4138867.0,0.0,34788.0,20820.428571428572
2022-04-02,0.0,4138867.0,0.0,34788.0,20820.428571428572
2022-04-03,107600.0,4246467.0,311.0,35099.0,15371.42857142857
2022-04-04,0.0,4246467.0,0.0,35099.0,15371.42857142857
2022-04-05,0.0,4246467.0,0.0,35099.0,15371.42857142857
2022-04-06,0.0,4246467.0,0.0,35099.0,15371.42857142857
2022-04-07,0.0,4246467.0,0.0,35099.0,15371.42857142857
2022-04-08,0.0,4246467.0,0.0,35099.0,15371.42857142857
2022-04-09,0.0,4246467.0,0.0,35099.0,15371.42857142857
2022-04-10,79351.0,4325818.0,193.0,35292.0,11335.857142857143
2022-04-11,0.0,4325818.0,0.0,35292.0,11335.857142857143
2022-04-12,0.0,4325818.0,0.0,35292.0,11335.857142857143
2022-04-13,0.0,4325818.0,0.0,35292.0,11335.857142857143
2022-04-14,0.0,4325818.0,0.0,35292.0,11335.857142857143
2022-04-15,0.0,4325818.0,0.0,35292.0,11335.857142857143
2022-04-16,0.0,4325818.0,0.0,35292.0,11335.857142857143
2022-04-17,63207.0,4389025.0,129.0,35421.0,9029.57142857143
2022-04-18,0.0,4389025.0,0.0,35421.0,9029.57142857143
2022-04-19,0.0,4389025.0,0.0,35421.0,9029.57142857143
2022-04-20,0.0,4389025.0,0.0,35421.0,9029.57142857143
2022-04-21,0.0,4389025.0,0.0,35421.0,9029.57142857143
2022-04-22,0.0,4389025.0,0.0,35421.0,9029.57142857143
2022-04-23,0.0,4389025.0,0.0,35421.0,9029.57142857143
2022-04-24,42048.0,4431073.0,78.0,35499.0,6006.857142857143
2022-04-25,0.0,4431073.0,0.0,35499.0,6006.857142857143
2022-04-26,0.0,4431073.0,0.0,35499.0,6006.857142857143
2022-04-27,0.0,4431073.0,0.0,35499.0,6006.857142857143
2022-04-28,0.0,4431073.0,0.0,35499.0,6006.857142857143
2022-04-29,0.0,4431073.0,0.0,35499.0,6006.857142857143
2022-04-30,0.0,4431073.0,0.0,35499.0,6006.857142857143
2022-05-01,18434.0,4449507.0,51.0,35550.0,2633.4285714285716
2022-05-02,0.0,4449507.0,0.0,35550.0,2633.4285714285716
2022-05-03,0.0,4449507.0,0.0,35550.0,2633.4285714285716
2022-05-04,0.0,4449507.0,0.0,35550.0,2633.4285714285716
2022-05-05,0.0,4449507.0,0.0,35550.0,2633.4285714285716
2022-05-06,0.0,4449507.0,0.0,35550.0,2633.4285714285716
2022-05-07,0.0,4449507.0,0.0,35550.0,2633.4285714285716
2022-05-08,9382.0,4458889.0,33.0,35583.0,1340.2857142857142
2022-05-09,0.0,4458889.0,0.0,35583.0,1340.2857142857142
2022-05-10,0.0,4458889.0,0.0,35583.0,1340.2857142857142
2022-05-11,0.0,4458889.0,0.0,35583.0,1340.2857142857142
2022-05-12,0.0,4458889.0,0.0,35583.0,1340.2857142857142
2022-05-13,0.0,4458889.0,0.0,35583.0,1340.2857142857142
2022-05-14,0.0,4458889.0,0.0,35583.0,1340.2857142857142
2022-05-15,19223.0,4478112.0,32.0,35615.0,2746.1428571428573
2022-05-16,0.0,4478112.0,0.0,35615.0,2746.1428571428573
2022-05-17,0.0,4478112.0,0.0,35615.0,2746.1428571428573
2022-05-18,0.0,4478112.0,0.0,35615.0,2746.1428571428573
2022-05-19,0.0,4478112.0,0.0,35615.0,2746.1428571428573
2022-05-20,0.0,4478112.0,0.0,35615.0,2746.1428571428573
2022-05-21,0.0,4478112.0,0.0,35615.0,2746.1428571428573
2022-05-22,13208.0,4491320.0,28.0,35643.0,1886.857142857143
2022-05-23,0.0,4491320.0,0.0,35643.0,1886.857142857143
2022-05-24,0.0,4491320.0,0.0,35643.0,1886.857142857143
2022-05-25,0.0,4491320.0,0.0,35643.0,1886.857142857143
2022-05-26,0.0,4491320.0,0.0,35643.0,1886.857142857143
2022-05-27,0.0,4491320.0,0.0,35643.0,1886.857142857143
2022-05-28,0.0,4491320.0,0.0,35643.0,1886.857142857143
2022-05-29,12414.0,4503734.0,22.0,35665.0,1773.4285714285713
2022-05-30,0.0,4503734.0,0.0,35665.0,1773.4285714285713
2022-05-31,0.0,4503734.0,0.0,35665.0,1773.4285714285713
2022-06-01,0.0,4503734.0,0.0,35665.0,1773.4285714285713
2022-06-02,0.0,4503734.0,0.0,35665.0,1773.4285714285713
2022-06-03,0.0,4503734.0,0.0,35665.0,1773.4285714285713
2022-06-04,0.0,4503734.0,0.0,35665.0,1773.4285714285713
2022-06-05,11255.0,4514989.0,25.0,35690.0,1607.857142857143
2022-06-06,0.0,4514989.0,0.0,35690.0,1607.857142857143
2022-06-07,0.0,4514989.0,0.0,35690.0,1607.857142857143
2022-06-08,0.0,4514989.0,0.0,35690.0,1607.857142857143
2022-06-09,0.0,4514989.0,0.0,35690.0,1607.857142857143
2022-06-10,0.0,4514989.0,0.0,35690.0,1607.857142857143
2022-06-11,0.0,4514989.0,0.0,35690.0,1607.857142857143
2022-06-12,11309.0,4526298.0,26.0,35716.0,1615.5714285714287
2022-06-13,0.0,4526298.0,0.0,35716.0,1615.5714285714287
2022-06-14,0.0,4526298.0,0.0,35716.0,1615.5714285714287
2022-06-15,0.0,4526298.0,0.0,35716.0,1615.5714285714287
2022-06-16,0.0,4526298.0,0.0,35716.0,1615.5714285714287
2022-06-17,0.0,4526298.0,0.0,35716.0,1615.5714285714287
2022-06-18,0.0,4526298.0,0.0,35716.0,1615.5714285714287
2022-06-19,14314.0,4540612.0,19.0,35735.0,2044.857142857143
2022-06-20,0.0,4540612.0,0.0,35735.0,2044.857142857143
2022-06-21,0.0,4540612.0,0.0,35735.0,2044.857142857143
2022-06-22,0.0,4540612.0,0.0,35735.0,2044.857142857143
2022-06-23,0.0,4540612.0,0.0,35735.0,2044.857142857143
2022-06-24,0.0,4540612.0,0.0,35735.0,2044.857142857143
2022-06-25,0.0,4540612.0,0.0,35735.0,2044.857142857143
2022-06-26,16052.0,4556664.0,19.0,35754.0,2293.1428571428573
2022-06-27,0.0,4556664.0,0.0,35754.0,2293.1428571428573
2022-06-28,0.0,4556664.0,0.0,35754.0,2293.1428571428573
2022-06-29,0.0,4556664.0,0.0,35754.0,2293.1428571428573
2022-06-30,0.0,4556664.0,0.0,35754.0,2293.1428571428573
2022-07-01,0.0,4556664.0,0.0,35754.0,2293.1428571428573
2022-07-02,0.0,4556664.0,0.0,35754.0,2293.1428571428573
2022-07-03,14691.0,4571355.0,30.0,35784.0,2098.714285714286
2022-07-04,0.0,4571355.0,0.0,35784.0,2098.714285714286
2022-07-05,0.0,4571355.0,0.0,35784.0,2098.714285714286
2022-07-06,0.0,4571355.0,0.0,35784.0,2098.714285714286
2022-07-07,0.0,4571355.0,0.0,35784.0,2098.714285714286
2022-07-08,0.0,4571355.0,0.0,35784.0,2098.714285714286
2022-07-09,0.0,4571355.0,0.0,35784.0,2098.714285714286
2022-07-10,21355.0,4592710.0,32.0,35816.0,3050.714285714286
2022-07-11,0.0,4592710.0,0.0,35816.0,3050.714285714286
2022-07-12,0.0,4592710.0,0.0,35816.0,3050.714285714286
2022-07-13,0.0,4592710.0,0.0,35816.0,3050.714285714286
2022-07-14,0.0,4592710.0,0.0,35816.0,3050.714285714286
2022-07-15,0.0,4592710.0,0.0,35816.0,3050.714285714286
2022-07-16,0.0,4592710.0,0.0,35816.0,3050.714285714286
2022-07-17,26315.0,4619025.0,46.0,35862.0,3759.285714285714
2022-07-18,0.0,4619025.0,0.0,35862.0,3759.285714285714
2022-07-19,0.0,4619025.0,0.0,35862.0,3759.285714285714
2022-07-20,0.0,4619025.0,0.0,35862.0,3759.285714285714
2022-07-21,0.0,4619025.0,0.0,35862.0,3759.285714285714
2022-07-22,0.0,4619025.0,0.0,35862.0,3759.285714285714
2022-07-23,0.0,4619025.0,0.0,35862.0,3759.285714285714
2022-07-24,29906.0,4648931.0,61.0,35923.0,4272.285714285715
2022-07-25,0.0,4648931.0,0.0,35923.0,4272.285714285715
2022-07-26,0.0,4648931.0,0.0,35923.0,4272.285714285715
2022-07-27,0.0,4648931.0,0.0,35923.0,4272.285714285715
2022-07-28,0.0,4648931.0,0.0,35923.0,4272.285714285715
2022-07-29,0.0,4648931.0,0.0,35923.0,4272.285714285715
2022-07-30,0.0,4648931.0,0.0,35923.0,4272.285714285715
2022-07-31,28339.0,4677270.0,54.0,35977.0,4048.4285714285716
2022-08-01,0.0,4677270.0,0.0,35977.0,4048.4285714285716
2022-08-02,0.0,4677270.0,0.0,35977.0,4048.4285714285716
2022-08-03,0.0,4677270.0,0.0,35977.0,4048.4285714285716
2022-08-04,0.0,4677270.0,0.0,35977.0,4048.4285714285716
2022-08-05,0.0,4677270.0,0.0,35977.0,4048.4285714285716
2022-08-06,0.0,4677270.0,0.0,35977.0,4048.4285714285716
2022-08-07,28554.0,4705824.0,55.0,36032.0,4079.1428571428573
2022-08-08,0.0,4705824.0,0.0,36032.0,4079.1428571428573
2022-08-09,0.0,4705824.0,0.0,36032.0,4079.1428571428573
2022-08-10,0.0,4705824.0,0.0,36032.0,4079.1428571428573
2022-08-11,0.0,4705824.0,0.0,36032.0,4079.1428571428573
2022-08-12,0.0,4705824.0,0.0,36032.0,4079.1428571428573
2022-08-13,0.0,4705824.0,0.0,36032.0,4079.1428571428573
2022-08-14,26678.0,4732502.0,61.0,36093.0,3811.1428571428573
2022-08-15,0.0,4732502.0,0.0,36093.0,3811.1428571428573
2022-08-16,0.0,4732502.0,0.0,36093.0,3811.1428571428573
2022-08-17,0.0,4732502.0,0.0,36093.0,3811.1428571428573
2022-08-18,0.0,4732502.0,0.0,36093.0,3811.1428571428573
2022-08-19,0.0,4732502.0,0.0,36093.0,3811.1428571428573
2022-08-20,0.0,4732502.0,0.0,36093.0,3811.1428571428573
2022-08-21,22786.0,4755288.0,62.0,36155.0,3255.1428571428573
2022-08-22,0.0,4755288.0,0.0,36155.0,3255.1428571428573
2022-08-23,0.0,4755288.0,0.0,36155.0,3255.1428571428573
2022-08-24,0.0,4755288.0,0.0,36155.0,3255.1428571428573
2022-08-25,0.0,4755288.0,0.0,36155.0,3255.1428571428573
2022-08-26,0.0,4755288.0,0.0,36155.0,3255.1428571428573
2022-08-27,0.0,4755288.0,0.0,36155.0,3255.1428571428573
2022-08-28,18715.0,4774003.0,51.0,36206.0,2673.5714285714284
2022-08-29,0.0,4774003.0,0.0,36206.0,2673.5714285714284
2022-08-30,0.0,4774003.0,0.0,36206.0,2673.5714285714284
2022-08-31,0.0,4774003.0,0.0,36206.0,2673.5714285714284
2022-09-01,0.0,4774003.0,0.0,36206.0,2673.5714285714284
2022-09-02,0.0,4774003.0,0.0,36206.0,2673.5714285714284
2022-09-03,0.0,4774003.0,0.0,36206.0,2673.5714285714284
2022-09-04,15549.0,4789552.0,43.0,36249.0,2221.285714285714
2022-09-05,0.0,4789552.0,0.0,36249.0,2221.285714285714
2022-09-06,0.0,4789552.0,0.0,36249.0,2221.285714285714
2022-09-07,0.0,4789552.0,0.0,36249.0,2221.285714285714
2022-09-08,0.0,4789552.0,0.0,36249.0,2221.285714285714
2022-09-09,0.0,4789552.0,0.0,36249.0,2221.285714285714
2022-09-10,0.0,4789552.0,0.0,36249.0,2221.285714285714
2022-09-11,14072.0,4803624.0,36.0,36285.0,2010.2857142857142
2022-09-12,0.0,4803624.0,0.0,36285.0,2010.2857142857142
2022-09-13,0.0,4803624.0,0.0,36285.0,2010.2857142857142
2022-09-14,0.0,4803624.0,0.0,36285.0,2010.2857142857142
2022-09-15,0.0,4803624.0,0.0,36285.0,2010.2857142857142
2022-09-16,0.0,4803624.0,0.0,36285.0,2010.2857142857142
2022-09-17,0.0,4803624.0,0.0,36285.0,2010.2857142857142
2022-09-18,13627.0,4817251.0,32.0,36317.0,1946.7142857142858
2022-09-19,0.0,4817251.0,0.0,36317.0,1946.7142857142858
2022-09-20,0.0,4817251.0,0.0,36317.0,1946.7142857142858
2022-09-21,0.0,4817251.0,0.0,36317.0,1946.7142857142858
2022-09-22,0.0,4817251.0,0.0,36317.0,1946.7142857142858
2022-09-23,0.0,4817251.0,0.0,36317.0,1946.7142857142858
2022-09-24,0.0,4817251.0,0.0,36317.0,1946.7142857142858
2022-09-25,12963.0,4830214.0,40.0,36357.0,1851.857142857143
2022-09-26,0.0,4830214.0,0.0,36357.0,1851.857142857143
2022-09-27,0.0,4830214.0,0.0,36357.0,1851.857142857143
2022-09-28,0.0,4830214.0,0.0,36357.0,1851.857142857143
2022-09-29,0.0,4830214.0,0.0,36357.0,1851.857142857143
2022-09-30,0.0,4830214.0,0.0,36357.0,1851.857142857143
2022-10-01,0.0,4830214.0,0.0,36357.0,1851.857142857143
2022-10-02,12291.0,4842505.0,23.0,36380.0,1755.857142857143
2022-10-03,0.0,4842505.0,0.0,36380.0,1755.857142857143
2022-10-04,0.0,4842505.0,0.0,36380.0,1755.857142857143
2022-10-05,0.0,4842505.0,0.0,36380.0,1755.857142857143
2022-10-06,0.0,4842505.0,0.0,36380.0,1755.857142857143
2022-10-07,0.0,4842505.0,0.0,36380.0,1755.857142857143
2022-10-08,0.0,4842505.0,0.0,36380.0,1755.857142857143
2022-10-09,11018.0,4853523.0,23.0,36403.0,1574.0
2022-10-10,0.0,4853523.0,0.0,36403.0,1574.0
2022-10-11,0.0,4853523.0,0.0,36403.0,1574.0
2022-10-12,0.0,4853523.0,0.0,36403.0,1574.0
2022-10-13,0.0,4853523.0,0.0,36403.0,1574.0
2022-10-14,0.0,4853523.0,0.0,36403.0,1574.0
2022-10-15,0.0,4853523.0,0.0,36403.0,1574.0
2022-10-16,11957.0,4865480.0,20.0,36423.0,1708.142857142857
2022-10-17,0.0,4865480.0,0.0,36423.0,1708.142857142857
2022-10-18,0.0,4865480.0,0.0,36423.0,1708.142857142857
2022-10-19,0.0,4865480.0,0.0,36423.0,1708.142857142857
2022-10-20,0.0,4865480.0,0.0,36423.0,1708.142857142857
2022-10-21,0.0,4865480.0,0.0,36423.0,1708.142857142857
2022-10-22,0.0,4865480.0,0.0,36423.0,1708.142857142857
2022-10-23,14525.0,4880005.0,24.0,36447.0,2075.0
2022-10-24,0.0,4880005.0,0.0,36447.0,2075.0
2022-10-25,0.0,4880005.0,0.0,36447.0,2075.0
2022-10-26,0.0,4880005.0,0.0,36447.0,2075.0
2022-10-27,0.0,4880005.0,0.0,36447.0,2075.0
2022-10-28,0.0,4880005.0,0.0,36447.0,2075.0
2022-10-29,0.0,4880005.0,0.0,36447.0,2075.0
2022-10-30,16750.0,4896755.0,28.0,36475.0,2392.8571428571427
2022-10-31,0.0,4896755.0,0.0,36475.0,2392.8571428571427
2022-11-01,0.0,4896755.0,0.0,36475.0,2392.8571428571427
2022-11-02,0.0,4896755.0,0.0,36475.0,2392.8571428571427
2022-11-03,0.0,4896755.0,0.0,36475.0,2392.8571428571427
2022-11-04,0.0,4896755.0,0.0,36475.0,2392.8571428571427
2022-11-05,0.0,4896755.0,0.0,36475.0,2392.8571428571427
2022-11-06,26783.0,4923538.0,20.0,36495.0,3826.1428571428573
2022-11-07,0.0,4923538.0,0.0,36495.0,3826.1428571428573
2022-11-08,0.0,4923538.0,0.0,36495.0,3826.1428571428573
2022-11-09,0.0,4923538.0,0.0,36495.0,3826.1428571428573
2022-11-10,0.0,4923538.0,0.0,36495.0,3826.1428571428573
2022-11-11,0.0,4923538.0,0.0,36495.0,3826.1428571428573
2022-11-12,0.0,4923538.0,0.0,36495.0,3826.1428571428573
2022-11-13,23045.0,4946583.0,59.0,36554.0,3292.1428571428573
2022-11-14,0.0,4946583.0,0.0,36554.0,3292.1428571428573
2022-11-15,0.0,4946583.0,0.0,36554.0,3292.1428571428573
2022-11-16,0.0,4946583.0,0.0,36554.0,3292.1428571428573
2022-11-17,0.0,4946583.0,0.0,36554.0,3292.1428571428573
2022-11-18,0.0,4946583.0,0.0,36554.0,3292.1428571428573
2022-11-19,0.0,4946583.0,0.0,36554.0,3292.1428571428573
2022-11-20,19083.0,4965666.0,55.0,36609.0,2726.1428571428573
2022-11-21,0.0,4965666.0,0.0,36609.0,2726.1428571428573
2022-11-22,0.0,4965666.0,0.0,36609.0,2726.1428571428573
2022-11-23,0.0,4965666.0,0.0,36609.0,2726.1428571428573
2022-11-24,0.0,4965666.0,0.0,36609.0,2726.1428571428573
2022-11-25,0.0,4965666.0,0.0,36609.0,2726.1428571428573
2022-11-26,0.0,4965666.0,0.0,36609.0,2726.1428571428573
2022-11-27,18606.0,4984272.0,48.0,36657.0,2658.0
2022-11-28,0.0,4984272.0,0.0,36657.0,2658.0
2022-11-29,0.0,4984272.0,0.0,36657.0,2658.0
2022-11-30,0.0,4984272.0,0.0,36657.0,2658.0
2022-12-01,0.0,4984272.0,0.0,36657.0,2658.0
2022-12-02,0.0,4984272.0,0.0,36657.0,2658.0
2022-12-03,0.0,4984272.0,0.0,36657.0,2658.0
2022-12-04,14558.0,4998830.0,59.0,36716.0,2079.714285714286
2022-12-05,0.0,4998830.0,0.0,36716.0,2079.714285714286
2022-12-06,0.0,4998830.0,0.0,36716.0,2079.714285714286
2022-12-07,0.0,4998830.0,0.0,36716.0,2079.714285714286
2022-12-08,0.0,4998830.0,0.0,36716.0,2079.714285714286
2022-12-09,0.0,4998830.0,0.0,36716.0,2079.714285714286
2022-12-10,0.0,4998830.0,0.0,36716.0,2079.714285714286
2022-12-11,10937.0,5009767.0,53.0,36769.0,1562.4285714285713
2022-12-12,0.0,5009767.0,0.0,36769.0,1562.4285714285713
2022-12-13,0.0,5009767.0,0.0,36769.0,1562.4285714285713
2022-12-14,0.0,5009767.0,0.0,36769.0,1562.4285714285713
2022-12-15,0.0,5009767.0,0.0,36769.0,1562.4285714285713
2022-12-16,0.0,5009767.0,0.0,36769.0,1562.4285714285713
2022-12-17,0.0,5009767.0,0.0,36769.0,1562.4285714285713
2022-12-18,7249.0,5017016.0,39.0,36808.0,1035.5714285714287
2022-12-19,0.0,5017016.0,0.0,36808.0,1035.5714285714287
2022-12-20,0.0,5017016.0,0.0,36808.0,1035.5714285714287
2022-12-21,0.0,5017016.0,0.0,36808.0,1035.5714285714287
2022-12-22,0.0,5017016.0,0.0,36808.0,1035.5714285714287
2022-12-23,0.0,5017016.0,0.0,36808.0,1035.5714285714287
2022-12-24,0.0,5017016.0,0.0,36808.0,1035.5714285714287
2022-12-25,6290.0,5023306.0,27.0,36835.0,898.5714285714286
2022-12-26,0.0,5023306.0,0.0,36835.0,898.5714285714286
2022-12-27,0.0,5023306.0,0.0,36835.0,898.5714285714286
2022-12-28,0.0,5023306.0,0.0,36835.0,898.5714285714286
2022-12-29,0.0,5023306.0,0.0,36835.0,898.5714285714286
2022-12-30,0.0,5023306.0,0.0,36835.0,898.5714285714286
2022-12-31,0.0,5023306.0,0.0,36835.0,898.5714285714286
2023-01-01,3371.0,5026677.0,23.0,36858.0,481.57142857142856
2023-01-02,0.0,5026677.0,0.0,36858.0,481.57142857142856
2023-01-03,0.0,5026677.0,0.0,36858.0,481.57142857142856
2023-01-04,0.0,5026677.0,0.0,36858.0,481.57142857142856
2023-01-05,0.0,5026677.0,0.0,36858.0,481.57142857142856
2023-01-06,0.0,5026677.0,0.0,36858.0,481.57142857142856
2023-01-07,0.0,5026677.0,0.0,36858.0,481.57142857142856
2023-01-08,3231.0,5029908.0,8.0,36866.0,461.57142857142856
2023-01-09,0.0,5029908.0,0.0,36866.0,461.57142857142856
2023-01-10,0.0,5029908.0,0.0,36866.0,461.57142857142856
2023-01-11,0.0,5029908.0,0.0,36866.0,461.57142857142856
2023-01-12,0.0,5029908.0,0.0,36866.0,461.57142857142856
2023-01-13,0.0,5029908.0,0.0,36866.0,461.57142857142856
2023-01-14,0.0,5029908.0,0.0,36866.0,461.57142857142856
2023-01-15,2525.0,5032433.0,0.0,36866.0,360.7142857142857
2023-01-16,0.0,5032433.0,0.0,36866.0,360.7142857142857
2023-01-17,0.0,5032433.0,0.0,36866.0,360.7142857142857
2023-01-18,0.0,5032433.0,0.0,36866.0,360.7142857142857
2023-01-19,0.0,5032433.0,0.0,36866.0,360.7142857142857
2023-01-20,0.0,5032433.0,0.0,36866.0,360.7142857142857
2023-01-21,0.0,5032433.0,0.0,36866.0,360.7142857142857
2023-01-22,2088.0,5034521.0,0.0,36866.0,298.2857142857143
2023-01-23,0.0,5034521.0,0.0,36866.0,298.2857142857143
2023-01-24,0.0,5034521.0,0.0,36866.0,298.2857142857143
2023-01-25,0.0,5034521.0,0.0,36866.0,298.2857142857143
2023-01-26,0.0,5034521.0,0.0,36866.0,298.2857142857143
2023-01-27,0.0,5034521.0,0.0,36866.0,298.2857142857143
2023-01-28,0.0,5034521.0,0.0,36866.0,298.2857142857143
2023-01-29,1350.0,5035871.0,0.0,36866.0,192.85714285714286
2023-01-30,0.0,5035871.0,0.0,36866.0,192.85714285714286
2023-01-31,0.0,5035871.0,0.0,36866.0,192.85714285714286
2023-02-01,0.0,5035871.0,0.0,36866.0,192.85714285714286
2023-02-02,0.0,5035871.0,0.0,36866.0,192.85714285714286
2023-02-03,0.0,5035871.0,0.0,36866.0,192.85714285714286
2023-02-04,0.0,5035871.0,0.0,36866.0,192.85714285714286
2023-02-05,1913.0,5037784.0,77.0,36943.0,273.2857142857143
2023-02-06,0.0,5037784.0,0.0,36943.0,273.2857142857143
2023-02-07,0.0,5037784.0,0.0,36943.0,273.2857142857143
2023-02-08,0.0,5037784.0,0.0,36943.0,273.2857142857143
2023-02-09,0.0,5037784.0,0.0,36943.0,273.2857142857143
2023-02-10,0.0,5037784.0,0.0,36943.0,273.2857142857143
2023-02-11,0.0,5037784.0,0.0,36943.0,273.2857142857143
2023-02-12,1542.0,5039326.0,8.0,36951.0,220.28571428571428
2023-02-13,0.0,5039326.0,0.0,36951.0,220.28571428571428
2023-02-14,0.0,5039326.0,0.0,36951.0,220.28571428571428
2023-02-15,0.0,5039326.0,0.0,36951.0,220.28571428571428
2023-02-16,0.0,5039326.0,0.0,36951.0,220.28571428571428
2023-02-17,0.0,5039326.0,0.0,36951.0,220.28571428571428
2023-02-18,0.0,5039326.0,0.0,36951.0,220.28571428571428
2023-02-19,1495.0,5040821.0,5.0,36956.0,213.57142857142858
2023-02-20,0.0,5040821.0,0.0,36956.0,213.57142857142858
2023-02-21,0.0,5040821.0,0.0,36956.0,213.57142857142858
2023-02-22,0.0,5040821.0,0.0,36956.0,213.57142857142858
2023-02-23,0.0,5040821.0,0.0,36956.0,213.57142857142858
2023-02-24,0.0,5040821.0,0.0,36956.0,213.57142857142858
2023-02-25,0.0,5040821.0,0.0,36956.0,213.57142857142858
2023-02-26,1367.0,5042188.0,1.0,36957.0,195.28571428571428
2023-02-27,0.0,5042188.0,0.0,36957.0,195.28571428571428
2023-02-28,0.0,5042188.0,0.0,36957.0,195.28571428571428
2023-03-01,0.0,5042188.0,0.0,36957.0,195.28571428571428
2023-03-02,0.0,5042188.0,0.0,36957.0,195.28571428571428
2023-03-03,0.0,5042188.0,0.0,36957.0,195.28571428571428
2023-03-04,0.0,5042188.0,0.0,36957.0,195.28571428571428
2023-03-05,1438.0,5043626.0,9.0,36966.0,205.42857142857142
2023-03-06,0.0,5043626.0,0.0,36966.0,205.42857142857142
2023-03-07,0.0,5043626.0,0.0,36966.0,205.42857142857142
2023-03-08,0.0,5043626.0,0.0,36966.0,205.42857142857142
2023-03-09,0.0,5043626.0,0.0,36966.0,205.42857142857142
2023-03-10,0.0,5043626.0,0.0,36966.0,205.42857142857142
2023-03-11,0.0,5043626.0,0.0,36966.0,205.42857142857142
2023-03-12,1566.0,5045192.0,1.0,36967.0,223.71428571428572
2023-03-13,0.0,5045192.0,0.0,36967.0,223.71428571428572
2023-03-14,0.0,5045192.0,0.0,36967.0,223.71428571428572
2023-03-15,0.0,5045192.0,0.0,36967.0,223.71428571428572
2023-03-16,0.0,5045192.0,0.0,36967.0,223.71428571428572
2023-03-17,0.0,5045192.0,0.0,36967.0,223.71428571428572
2023-03-18,0.0,5045192.0,0.0,36967.0,223.71428571428572
2023-03-19,1848.0,5047040.0,0.0,36967.0,264.0
2023-03-20,0.0,5047040.0,0.0,36967.0,264.0
2023-03-21,0.0,5047040.0,0.0,36967.0,264.0
2023-03-22,0.0,5047040.0,0.0,36967.0,264.0
2023-03-23,0.0,5047040.0,0.0,36967.0,264.0
2023-03-24,0.0,5047040.0,0.0,36967.0,264.0
2023-03-25,0.0,5047040.0,0.0,36967.0,264.0
2023-03-26,2228.0,5049268.0,12.0,36979.0,318.2857142857143
2023-03-27,0.0,5049268.0,0.0,36979.0,318.2857142857143
2023-03-28,0.0,5049268.0,0.0,36979.0,318.2857142857143
2023-03-29,0.0,5049268.0,0.0,36979.0,318.2857142857143
2023-03-30,0.0,5049268.0,0.0,36979.0,318.2857142857143
2023-03-31,0.0,5049268.0,0.0,36979.0,318.2857142857143
2023-04-01,0.0,5049268.0,0.0,36979.0,318.2857142857143
2023-04-02,3069.0,5052337.0,0.0,36979.0,438.42857142857144
2023-04-03,0.0,5052337.0,0.0,36979.0,438.42857142857144
2023-04-04,0.0,5052337.0,0.0,36979.0,438.42857142857144
2023-04-05,0.0,5052337.0,0.0,36979.0,438.42857142857144
2023-04-06,0.0,5052337.0,0.0,36979.0,438.42857142857144
2023-04-07,0.0,5052337.0,0.0,36979.0,438.42857142857144
2023-04-08,0.0,5052337.0,0.0,36979.0,438.42857142857144
2023-04-09,4574.0,5056911.0,3.0,36982.0,653.4285714285714
2023-04-10,0.0,5056911.0,0.0,36982.0,653.4285714285714
2023-04-11,0.0,5056911.0,0.0,36982.0,653.4285714285714
2023-04-12,0.0,5056911.0,0.0,36982.0,653.4285714285714
2023-04-13,0.0,5056911.0,0.0,36982.0,653.4285714285714
2023-04-14,0.0,5056911.0,0.0,36982.0,653.4285714285714
2023-04-15,0.0,5056911.0,0.0,36982.0,653.4285714285714
2023-04-16,4268.0,5061179.0,12.0,36994.0,609.7142857142857
2023-04-17,0.0,5061179.0,0.0,36994.0,609.7142857142857
2023-04-18,0.0,5061179.0,0.0,36994.0,609.7142857142857
2023-04-19,0.0,5061179.0,0.0,36994.0,609.7142857142857
2023-04-20,0.0,5061179.0,0.0,36994.0,609.7142857142857
2023-04-21,0.0,5061179.0,0.0,36994.0,609.7142857142857
2023-04-22,0.0,5061179.0,0.0,36994.0,609.7142857142857
2023-04-23,5698.0,5066877.0,17.0,37011.0,814.0
2023-04-24,0.0,5066877.0,0.0,37011.0,814.0
2023-04-25,0.0,5066877.0,0.0,37011.0,814.0
2023-04-26,0.0,5066877.0,0.0,37011.0,814.0
2023-04-27,0.0,5066877.0,0.0,37011.0,814.0
2023-04-28,0.0,5066877.0,0.0,37011.0,814.0
2023-04-29,0.0,5066877.0,0.0,37011.0,814.0
2023-04-30,4817.0,5071694.0,9.0,37020.0,688.1428571428571
2023-05-01,0.0,5071694.0,0.0,37020.0,688.1428571428571
2023-05-02,0.0,5071694.0,0.0,37020.0,688.1428571428571
2023-05-03,0.0,5071694.0,0.0,37020.0,688.1428571428571
2023-05-04,0.0,5071694.0,0.0,37020.0,688.1428571428571
2023-05-05,0.0,5071694.0,0.0,37020.0,688.1428571428571
2023-05-06,0.0,5071694.0,0.0,37020.0,688.1428571428571
2023-05-07,146.0,5071840.0,8.0,37028.0,20.857142857142858
2023-05-08,0.0,5071840.0,0.0,37028.0,20.857142857142858
2023-05-09,0.0,5071840.0,0.0,37028.0,20.857142857142858
2023-05-10,0.0,5071840.0,0.0,37028.0,20.857142857142858
2023-05-11,0.0,5071840.0,0.0,37028.0,20.857142857142858
2023-05-12,0.0,5071840.0,0.0,37028.0,20.857142857142858
2023-05-13,0.0,5071840.0,0.0,37028.0,20.857142857142858
2023-05-14,7596.0,5079436.0,0.0,37028.0,1085.142857142857
2023-05-15,0.0,5079436.0,0.0,37028.0,1085.142857142857
2023-05-16,0.0,5079436.0,0.0,37028.0,1085.142857142857
2023-05-17,0.0,5079436.0,0.0,37028.0,1085.142857142857
2023-05-18,0.0,5079436.0,0.0,37028.0,1085.142857142857
2023-05-19,0.0,5079436.0,0.0,37028.0,1085.142857142857
2023-05-20,0.0,5079436.0,0.0,37028.0,1085.142857142857
2023-05-21,12209.0,5091645.0,42.0,37070.0,1744.142857142857
2023-05-22,0.0,5091645.0,0.0,37070.0,1744.142857142857
2023-05-23,0.0,5091645.0,0.0,37070.0,1744.142857142857
2023-05-24,0.0,5091645.0,0.0,37070.0,1744.142857142857
2023-05-25,0.0,5091645.0,0.0,37070.0,1744.142857142857
2023-05-26,0.0,5091645.0,0.0,37070.0,1744.142857142857
2023-05-27,0.0,5091645.0,0.0,37070.0,1744.142857142857
2023-05-28,6439.0,5098084.0,31.0,37101.0,919.8571428571429
2023-05-29,0.0,5098084.0,0.0,37101.0,919.8571428571429
2023-05-30,0.0,5098084.0,0.0,37101.0,919.8571428571429
2023-05-31,0.0,5098084.0,0.0,37101.0,919.8571428571429
2023-06-01,0.0,5098084.0,0.0,37101.0,919.8571428571429
2023-06-02,0.0,5098084.0,0.0,37101.0,919.8571428571429
2023-06-03,0.0,5098084.0,0.0,37101.0,919.8571428571429
2023-06-04,5801.0,5103885.0,15.0,37116.0,828.7142857142857
2023-06-05,0.0,5103885.0,0.0,37116.0,828.7142857142857
2023-06-06,0.0,5103885.0,0.0,37116.0,828.7142857142857
2023-06-07,0.0,5103885.0,0.0,37116.0,828.7142857142857
2023-06-08,0.0,5103885.0,0.0,37116.0,828.7142857142857
2023-06-09,0.0,5103885.0,0.0,37116.0,828.7142857142857
2023-06-10,0.0,5103885.0,0.0,37116.0,828.7142857142857
2023-06-11,4523.0,5108408.0,10.0,37126.0,646.1428571428571
2023-06-12,0.0,5108408.0,0.0,37126.0,646.1428571428571
2023-06-13,0.0,5108408.0,0.0,37126.0,646.1428571428571
2023-06-14,0.0,5108408.0,0.0,37126.0,646.1428571428571
2023-06-15,0.0,5108408.0,0.0,37126.0,646.1428571428571
2023-06-16,0.0,5108408.0,0.0,37126.0,646.1428571428571
2023-06-17,0.0,5108408.0,0.0,37126.0,646.1428571428571
2023-06-18,760.0,5109168.0,10.0,37136.0,108.57142857142857
2023-06-19,0.0,5109168.0,0.0,37136.0,108.57142857142857
2023-06-20,0.0,5109168.0,0.0,37136.0,108.57142857142857
2023-06-21,0.0,5109168.0,0.0,37136.0,108.57142857142857
2023-06-22,0.0,5109168.0,0.0,37136.0,108.57142857142857
2023-06-23,0.0,5109168.0,0.0,37136.0,108.57142857142857
2023-06-24,0.0,5109168.0,0.0,37136.0,108.57142857142857
2023-06-25,3433.0,5112601.0,11.0,37147.0,490.42857142857144
2023-06-26,0.0,5112601.0,0.0,37147.0,490.42857142857144
2023-06-27,0.0,5112601.0,0.0,37147.0,490.42857142857144
2023-06-28,0.0,5112601.0,0.0,37147.0,490.42857142857144
2023-06-29,0.0,5112601.0,0.0,37147.0,490.42857142857144
2023-06-30,0.0,5112601.0,0.0,37147.0,490.42857142857144
2023-07-01,0.0,5112601.0,0.0,37147.0,490.42857142857144
2023-07-02,0.0,5112601.0,2.0,37149.0,0.0
2023-07-03,0.0,5112601.0,0.0,37149.0,0.0
2023-07-04,0.0,5112601.0,0.0,37149.0,0.0
2023-07-05,0.0,5112601.0,0.0,37149.0,0.0
2023-07-06,0.0,5112601.0,0.0,37149.0,0.0
2023-07-07,0.0,5112601.0,0.0,37149.0,0.0
2023-07-08,0.0,5112601.0,0.0,37149.0,0.0
2023-07-09,2698.0,5115299.0,7.0,37156.0,385.42857142857144
2023-07-10,0.0,5115299.0,0.0,37156.0,385.42857142857144
2023-07-11,0.0,5115299.0,0.0,37156.0,385.42857142857144
2023-07-12,0.0,5115299.0,0.0,37156.0,385.42857142857144
2023-07-13,0.0,5115299.0,0.0,37156.0,385.42857142857144
2023-07-14,0.0,5115299.0,0.0,37156.0,385.42857142857144
2023-07-15,0.0,5115299.0,0.0,37156.0,385.42857142857144
2023-07-16,1548.0,5116847.0,2.0,37158.0,221.14285714285714
2023-07-17,0.0,5116847.0,0.0,37158.0,221.14285714285714
2023-07-18,0.0,5116847.0,0.0,37158.0,221.14285714285714
2023-07-19,0.0,5116847.0,0.0,37158.0,221.14285714285714
2023-07-20,0.0,5116847.0,0.0,37158.0,221.14285714285714
2023-07-21,0.0,5116847.0,0.0,37158.0,221.14285714285714
2023-07-22,0.0,5116847.0,0.0,37158.0,221.14285714285714
2023-07-23,1222.0,5118069.0,3.0,37161.0,174.57142857142858
2023-07-24,0.0,5118069.0,0.0,37161.0,174.57142857142858
2023-07-25,0.0,5118069.0,0.0,37161.0,174.57142857142858
2023-07-26,0.0,5118069.0,0.0,37161.0,174.57142857142858
2023-07-27,0.0,5118069.0,0.0,37161.0,174.57142857142858
2023-07-28,0.0,5118069.0,0.0,37161.0,174.57142857142858
2023-07-29,0.0,5118069.0,0.0,37161.0,174.57142857142858
2023-07-30,1202.0,5119271.0,1.0,37162.0,171.71428571428572
2023-07-31,0.0,5119271.0,0.0,37162.0,171.71428571428572
2023-08-01,0.0,5119271.0,0.0,37162.0,171.71428571428572
2023-08-02,0.0,5119271.0,0.0,37162.0,171.71428571428572
2023-08-03,0.0,5119271.0,0.0,37162.0,171.71428571428572
2023-08-04,0.0,5119271.0,0.0,37162.0,171.71428571428572
2023-08-05,0.0,5119271.0,0.0,37162.0,171.71428571428572
2023-08-06,958.0,5120229.0,2.0,37164.0,136.85714285714286
2023-08-07,0.0,5120229.0,0.0,37164.0,136.85714285714286
2023-08-08,0.0,5120229.0,0.0,37164.0,136.85714285714286
2023-08-09,0.0,5120229.0,0.0,37164.0,136.85714285714286
2023-08-10,0.0,5120229.0,0.0,37164.0,136.85714285714286
2023-08-11,0.0,5120229.0,0.0,37164.0,136.85714285714286
2023-08-12,0.0,5120229.0,0.0,37164.0,136.85714285714286
2023-08-13,934.0,5121163.0,0.0,37164.0,133.42857142857142
2023-08-14,0.0,5121163.0,0.0,37164.0,133.42857142857142
2023-08-15,0.0,5121163.0,0.0,37164.0,133.42857142857142
2023-08-16,0.0,5121163.0,0.0,37164.0,133.42857142857142
2023-08-17,0.0,5121163.0,0.0,37164.0,133.42857142857142
2023-08-18,0.0,5121163.0,0.0,37164.0,133.42857142857142
2023-08-19,0.0,5121163.0,0.0,37164.0,133.42857142857142
2023-08-20,695.0,5121858.0,0.0,37164.0,99.28571428571429
2023-08-21,0.0,5121858.0,0.0,37164.0,99.28571428571429
2023-08-22,0.0,5121858.0,0.0,37164.0,99.28571428571429
2023-08-23,0.0,5121858.0,0.0,37164.0,99.28571428571429
2023-08-24,0.0,5121858.0,0.0,37164.0,99.28571428571429
2023-08-25,0.0,5121858.0,0.0,37164.0,99.28571428571429
2023-08-26,0.0,5121858.0,0.0,37164.0,99.28571428571429
2023-08-27,710.0,5122568.0,0.0,37164.0,101.42857142857143
2023-08-28,0.0,5122568.0,0.0,37164.0,101.42857142857143
2023-08-29,0.0,5122568.0,0.0,37164.0,101.42857142857143
2023-08-30,0.0,5122568.0,0.0,37164.0,101.42857142857143
2023-08-31,0.0,5122568.0,0.0,37164.0,101.42857142857143
2023-09-01,0.0,5122568.0,0.0,37164.0,101.42857142857143
2023-09-02,0.0,5122568.0,0.0,37164.0,101.42857142857143
2023-09-03,1233.0,5123801.0,3.0,37167.0,176.14285714285714
2023-09-04,0.0,5123801.0,0.0,37167.0,176.14285714285714
2023-09-05,0.0,5123801.0,0.0,37167.0,176.14285714285714
2023-09-06,0.0,5123801.0,0.0,37167.0,176.14285714285714
2023-09-07,0.0,5123801.0,0.0,37167.0,176.14285714285714
2023-09-08,0.0,5123801.0,0.0,37167.0,176.14285714285714
2023-09-09,0.0,5123801.0,0.0,37167.0,176.14285714285714
2023-09-10,680.0,5124481.0,4.0,37171.0,97.14285714285714
2023-09-11,0.0,5124481.0,0.0,37171.0,97.14285714285714
2023-09-12,0.0,5124481.0,0.0,37171.0,97.14285714285714
2023-09-13,0.0,5124481.0,0.0,37171.0,97.14285714285714
2023-09-14,0.0,5124481.0,0.0,37171.0,97.14285714285714
2023-09-15,0.0,5124481.0,0.0,37171.0,97.14285714285714
2023-09-16,0.0,5124481.0,0.0,37171.0,97.14285714285714
2023-09-17,728.0,5125209.0,1.0,37172.0,104.0
2023-09-18,0.0,5125209.0,0.0,37172.0,104.0
2023-09-19,0.0,5125209.0,0.0,37172.0,104.0
2023-09-20,0.0,5125209.0,0.0,37172.0,104.0
2023-09-21,0.0,5125209.0,0.0,37172.0,104.0
2023-09-22,0.0,5125209.0,0.0,37172.0,104.0
2023-09-23,0.0,5125209.0,0.0,37172.0,104.0
2023-09-24,691.0,5125900.0,0.0,37172.0,98.71428571428571
2023-09-25,0.0,5125900.0,0.0,37172.0,98.71428571428571
2023-09-26,0.0,5125900.0,0.0,37172.0,98.71428571428571
2023-09-27,0.0,5125900.0,0.0,37172.0,98.71428571428571
2023-09-28,0.0,5125900.0,0.0,37172.0,98.71428571428571
2023-09-29,0.0,5125900.0,0.0,37172.0,98.71428571428571
2023-09-30,0.0,5125900.0,0.0,37172.0,98.71428571428571
2023-10-01,783.0,5126683.0,2.0,37174.0,111.85714285714286
2023-10-02,0.0,5126683.0,0.0,37174.0,111.85714285714286
2023-10-03,0.0,5126683.0,0.0,37174.0,111.85714285714286
2023-10-04,0.0,5126683.0,0.0,37174.0,111.85714285714286
2023-10-05,0.0,5126683.0,0.0,37174.0,111.85714285714286
2023-10-06,0.0,5126683.0,0.0,37174.0,111.85714285714286
2023-10-07,0.0,5126683.0,0.0,37174.0,111.85714285714286
2023-10-08,933.0,5127616.0,5.0,37179.0,133.28571428571428
2023-10-09,0.0,5127616.0,0.0,37179.0,133.28571428571428
2023-10-10,0.0,5127616.0,0.0,37179.0,133.28571428571428
2023-10-11,0.0,5127616.0,0.0,37179.0,133.28571428571428
2023-10-12,0.0,5127616.0,0.0,37179.0,133.28571428571428
2023-10-13,0.0,5127616.0,0.0,37179.0,133.28571428571428
2023-10-14,0.0,5127616.0,0.0,37179.0,133.28571428571428
2023-10-15,1052.0,5128668.0,2.0,37181.0,150.28571428571428
2023-10-16,0.0,5128668.0,0.0,37181.0,150.28571428571428
2023-10-17,0.0,5128668.0,0.0,37181.0,150.28571428571428
2023-10-18,0.0,5128668.0,0.0,37181.0,150.28571428571428
2023-10-19,0.0,5128668.0,0.0,37181.0,150.28571428571428
2023-10-20,0.0,5128668.0,0.0,37181.0,150.28571428571428
2023-10-21,0.0,5128668.0,0.0,37181.0,150.28571428571428
2023-10-22,1132.0,5129800.0,3.0,37184.0,161.71428571428572
2023-10-23,0.0,5129800.0,0.0,37184.0,161.71428571428572
2023-10-24,0.0,5129800.0,0.0,37184.0,161.71428571428572
2023-10-25,0.0,5129800.0,0.0,37184.0,161.71428571428572
2023-10-26,0.0,5129800.0,0.0,37184.0,161.71428571428572
2023-10-27,0.0,5129800.0,0.0,37184.0,161.71428571428572
2023-10-28,0.0,5129800.0,0.0,37184.0,161.71428571428572
2023-10-29,1339.0,5131139.0,0.0,37184.0,191.28571428571428
2023-10-30,0.0,5131139.0,0.0,37184.0,191.28571428571428
2023-10-31,0.0,5131139.0,0.0,37184.0,191.28571428571428
2023-11-01,0.0,5131139.0,0.0,37184.0,191.28571428571428
2023-11-02,0.0,5131139.0,0.0,37184.0,191.28571428571428
2023-11-03,0.0,5131139.0,0.0,37184.0,191.28571428571428
2023-11-04,0.0,5131139.0,0.0,37184.0,191.28571428571428
2023-11-05,1692.0,5132831.0,6.0,37190.0,241.71428571428572
2023-11-06,0.0,5132831.0,0.0,37190.0,241.71428571428572
2023-11-07,0.0,5132831.0,0.0,37190.0,241.71428571428572
2023-11-08,0.0,5132831.0,0.0,37190.0,241.71428571428572
2023-11-09,0.0,5132831.0,0.0,37190.0,241.71428571428572
2023-11-10,0.0,5132831.0,0.0,37190.0,241.71428571428572
2023-11-11,0.0,5132831.0,0.0,37190.0,241.71428571428572
2023-11-12,1801.0,5134632.0,1.0,37191.0,257.2857142857143
2023-11-13,0.0,5134632.0,0.0,37191.0,257.2857142857143
2023-11-14,0.0,5134632.0,0.0,37191.0,257.2857142857143
2023-11-15,0.0,5134632.0,0.0,37191.0,257.2857142857143
2023-11-16,0.0,5134632.0,0.0,37191.0,257.2857142857143
2023-11-17,0.0,5134632.0,0.0,37191.0,257.2857142857143
2023-11-18,0.0,5134632.0,0.0,37191.0,257.2857142857143
2023-11-19,2305.0,5136937.0,3.0,37194.0,329.2857142857143
2023-11-20,0.0,5136937.0,0.0,37194.0,329.2857142857143
2023-11-21,0.0,5136937.0,0.0,37194.0,329.2857142857143
2023-11-22,0.0,5136937.0,0.0,37194.0,329.2857142857143
2023-11-23,0.0,5136937.0,0.0,37194.0,329.2857142857143
2023-11-24,0.0,5136937.0,0.0,37194.0,329.2857142857143
2023-11-25,0.0,5136937.0,0.0,37194.0,329.2857142857143
2023-11-26,3626.0,5140563.0,7.0,37201.0,518.0
2023-11-27,0.0,5140563.0,0.0,37201.0,518.0
2023-11-28,0.0,5140563.0,0.0,37201.0,518.0
2023-11-29,0.0,5140563.0,0.0,37201.0,518.0
2023-11-30,0.0,5140563.0,0.0,37201.0,518.0
2023-12-01,0.0,5140563.0,0.0,37201.0,518.0
2023-12-02,0.0,5140563.0,0.0,37201.0,518.0
2023-12-03,6796.0,5147359.0,6.0,37207.0,970.8571428571429
2023-12-04,0.0,5147359.0,0.0,37207.0,970.8571428571429
2023-12-05,0.0,5147359.0,0.0,37207.0,970.8571428571429
2023-12-06,0.0,5147359.0,0.0,37207.0,970.8571428571429
2023-12-07,0.0,5147359.0,0.0,37207.0,970.8571428571429
2023-12-08,0.0,5147359.0,0.0,37207.0,970.8571428571429
2023-12-09,0.0,5147359.0,0.0,37207.0,970.8571428571429
2023-12-10,12757.0,5160116.0,11.0,37218.0,1822.4285714285713
2023-12-11,0.0,5160116.0,0.0,37218.0,1822.4285714285713
2023-12-12,0.0,5160116.0,0.0,37218.0,1822.4285714285713
2023-12-13,0.0,5160116.0,0.0,37218.0,1822.4285714285713
2023-12-14,0.0,5160116.0,0.0,37218.0,1822.4285714285713
2023-12-15,0.0,5160116.0,0.0,37218.0,1822.4285714285713
2023-12-16,0.0,5160116.0,0.0,37218.0,1822.4285714285713
2023-12-17,20696.0,5180812.0,28.0,37246.0,2956.5714285714284
2023-12-18,0.0,5180812.0,0.0,37246.0,2956.5714285714284
2023-12-19,0.0,5180812.0,0.0,37246.0,2956.5714285714284
2023-12-20,0.0,5180812.0,0.0,37246.0,2956.5714285714284
2023-12-21,0.0,5180812.0,0.0,37246.0,2956.5714285714284
2023-12-22,0.0,5180812.0,0.0,37246.0,2956.5714285714284
2023-12-23,0.0,5180812.0,0.0,37246.0,2956.5714285714284
2023-12-24,25912.0,5206724.0,22.0,37268.0,3701.714285714286
2023-12-25,0.0,5206724.0,0.0,37268.0,3701.714285714286
2023-12-26,0.0,5206724.0,0.0,37268.0,3701.714285714286
2023-12-27,0.0,5206724.0,0.0,37268.0,3701.714285714286
2023-12-28,0.0,5206724.0,0.0,37268.0,3701.714285714286
2023-12-29,0.0,5206724.0,0.0,37268.0,3701.714285714286
2023-12-30,0.0,5206724.0,0.0,37268.0,3701.714285714286
2023-12-31,20598.0,5227322.0,25.0,37293.0,2942.5714285714284
2024-01-01,0.0,5227322.0,0.0,37293.0,2942.5714285714284
2024-01-02,0.0,5227322.0,0.0,37293.0,2942.5714285714284
2024-01-03,0.0,5227322.0,0.0,37293.0,2942.5714285714284
2024-01-04,0.0,5227322.0,0.0,37293.0,2942.5714285714284
2024-01-05,0.0,5227322.0,0.0,37293.0,2942.5714285714284
2024-01-06,0.0,5227322.0,0.0,37293.0,2942.5714285714284
2024-01-07,0.0,5227322.0,22.0,37315.0,0.0
2024-01-08,0.0,5227322.0,0.0,37315.0,0.0
2024-01-09,0.0,5227322.0,0.0,37315.0,0.0
2024-01-10,0.0,5227322.0,0.0,37315.0,0.0
2024-01-11,0.0,5227322.0,0.0,37315.0,0.0
2024-01-12,0.0,5227322.0,0.0,37315.0,0.0
2024-01-13,0.0,5227322.0,0.0,37315.0,0.0
2024-01-14,29687.0,5257009.0,8.0,37323.0,4241.0
2024-01-15,0.0,5257009.0,0.0,37323.0,4241.0
2024-01-16,0.0,5257009.0,0.0,37323.0,4241.0
2024-01-17,0.0,5257009.0,0.0,37323.0,4241.0
2024-01-18,0.0,5257009.0,0.0,37323.0,4241.0
2024-01-19,0.0,5257009.0,0.0,37323.0,4241.0
2024-01-20,0.0,5257009.0,0.0,37323.0,4241.0
2024-01-21,8358.0,5265367.0,12.0,37335.0,1194.0
2024-01-22,0.0,5265367.0,0.0,37335.0,1194.0
2024-01-23,0.0,5265367.0,0.0,37335.0,1194.0
2024-01-24,0.0,5265367.0,0.0,37335.0,1194.0
2024-01-25,0.0,5265367.0,0.0,37335.0,1194.0
2024-01-26,0.0,5265367.0,0.0,37335.0,1194.0
2024-01-27,0.0,5265367.0,0.0,37335.0,1194.0
2024-01-28,4600.0,5269967.0,5.0,37340.0,657.1428571428571
2024-01-29,0.0,5269967.0,0.0,37340.0,657.1428571428571
2024-01-30,0.0,5269967.0,0.0,37340.0,657.1428571428571
2024-01-31,0.0,5269967.0,0.0,37340.0,657.1428571428571
2024-02-01,0.0,5269967.0,0.0,37340.0,657.1428571428571
2024-02-02,0.0,5269967.0,0.0,37340.0,657.1428571428571
2024-02-03,0.0,5269967.0,0.0,37340.0,657.1428571428571
2024-02-04,2550.0,5272517.0,7.0,37347.0,364.2857142857143
2024-02-05,0.0,5272517.0,0.0,37347.0,364.2857142857143
2024-02-06,0.0,5272517.0,0.0,37347.0,364.2857142857143
2024-02-07,0.0,5272517.0,0.0,37347.0,364.2857142857143
2024-02-08,0.0,5272517.0,0.0,37347.0,364.2857142857143
2024-02-09,0.0,5272517.0,0.0,37347.0,364.2857142857143
2024-02-10,0.0,5272517.0,0.0,37347.0,364.2857142857143
2024-02-11,1479.0,5273996.0,0.0,37347.0,211.28571428571428
2024-02-12,0.0,5273996.0,0.0,37347.0,211.28571428571428
2024-02-13,0.0,5273996.0,0.0,37347.0,211.28571428571428
2024-02-14,0.0,5273996.0,0.0,37347.0,211.28571428571428
2024-02-15,0.0,5273996.0,0.0,37347.0,211.28571428571428
2024-02-16,0.0,5273996.0,0.0,37347.0,211.28571428571428
2024-02-17,0.0,5273996.0,0.0,37347.0,211.28571428571428
2024-02-18,790.0,5274786.0,0.0,37347.0,112.85714285714286
2024-02-19,0.0,5274786.0,0.0,37347.0,112.85714285714286
2024-02-20,0.0,5274786.0,0.0,37347.0,112.85714285714286
2024-02-21,0.0,5274786.0,0.0,37347.0,112.85714285714286
2024-02-22,0.0,5274786.0,0.0,37347.0,112.85714285714286
2024-02-23,0.0,5274786.0,0.0,37347.0,112.85714285714286
2024-02-24,0.0,5274786.0,0.0,37347.0,112.85714285714286
2024-02-25,881.0,5275667.0,0.0,37347.0,125.85714285714286
2024-02-26,0.0,5275667.0,0.0,37347.0,125.85714285714286
2024-02-27,0.0,5275667.0,0.0,37347.0,125.85714285714286
2024-02-28,0.0,5275667.0,0.0,37347.0,125.85714285714286
2024-02-29,0.0,5275667.0,0.0,37347.0,125.85714285714286
2024-03-01,0.0,5275667.0,0.0,37347.0,125.85714285714286
2024-03-02,0.0,5275667.0,0.0,37347.0,125.85714285714286
2024-03-03,645.0,5276312.0,1.0,37348.0,92.14285714285714
2024-03-04,0.0,5276312.0,0.0,37348.0,92.14285714285714
2024-03-05,0.0,5276312.0,0.0,37348.0,92.14285714285714
2024-03-06,0.0,5276312.0,0.0,37348.0,92.14285714285714
2024-03-07,0.0,5276312.0,0.0,37348.0,92.14285714285714
2024-03-08,0.0,5276312.0,0.0,37348.0,92.14285714285714
2024-03-09,0.0,5276312.0,0.0,37348.0,92.14285714285714
2024-03-10,568.0,5276880.0,0.0,37348.0,81.14285714285714
2024-03-11,0.0,5276880.0,0.0,37348.0,81.14285714285714
2024-03-12,0.0,5276880.0,0.0,37348.0,81.14285714285714
2024-03-13,0.0,5276880.0,0.0,37348.0,81.14285714285714
2024-03-14,0.0,5276880.0,0.0,37348.0,81.14285714285714
2024-03-15,0.0,5276880.0,0.0,37348.0,81.14285714285714
2024-03-16,0.0,5276880.0,0.0,37348.0,81.14285714285714
2024-03-17,593.0,5277473.0,0.0,37348.0,84.71428571428571
2024-03-18,0.0,5277473.0,0.0,37348.0,84.71428571428571
2024-03-19,0.0,5277473.0,0.0,37348.0,84.71428571428571
2024-03-20,0.0,5277473.0,0.0,37348.0,84.71428571428571
2024-03-21,0.0,5277473.0,0.0,37348.0,84.71428571428571
2024-03-22,0.0,5277473.0,0.0,37348.0,84.71428571428571
2024-03-23,0.0,5277473.0,0.0,37348.0,84.71428571428571
2024-03-24,512.0,5277985.0,0.0,37348.0,73.14285714285714
2024-03-25,0.0,5277985.0,0.0,37348.0,73.14285714285714
2024-03-26,0.0,5277985.0,0.0,37348.0,73.14285714285714
2024-03-27,0.0,5277985.0,0.0,37348.0,73.14285714285714
2024-03-28,0.0,5277985.0,0.0,37348.0,73.14285714285714
2024-03-29,0.0,5277985.0,0.0,37348.0,73.14285714285714
2024-03-30,0.0,5277985.0,0.0,37348.0,73.14285714285714
2024-03-31,421.0,5278406.0,0.0,37348.0,60.142857142857146
2024-04-01,0.0,5278406.0,0.0,37348.0,60.142857142857146
2024-04-02,0.0,5278406.0,0.0,37348.0,60.142857142857146
2024-04-03,0.0,5278406.0,0.0,37348.0,60.142857142857146
2024-04-04,0.0,5278406.0,0.0,37348.0,60.142857142857146
2024-04-05,0.0,5278406.0,0.0,37348.0,60.142857142857146
2024-04-06,0.0,5278406.0,0.0,37348.0,60.142857142857146
2024-04-07,493.0,5278899.0,1.0,37349.0,70.42857142857143
2024-04-08,0.0,5278899.0,0.0,37349.0,70.42857142857143
2024-04-09,0.0,5278899.0,0.0,37349.0,70.42857142857143
2024-04-10,0.0,5278899.0,0.0,37349.0,70.42857142857143
2024-04-11,0.0,5278899.0,0.0,37349.0,70.42857142857143
2024-04-12,0.0,5278899.0,0.0,37349.0,70.42857142857143
2024-04-13,0.0,5278899.0,0.0,37349.0,70.42857142857143
2024-04-14,246.0,5279145.0,0.0,37349.0,35.142857142857146
2024-04-15,0.0,5279145.0,0.0,37349.0,35.142857142857146
2024-04-16,0.0,5279145.0,0.0,37349.0,35.142857142857146
2024-04-17,0.0,5279145.0,0.0,37349.0,35.142857142857146
2024-04-18,0.0,5279145.0,0.0,37349.0,35.142857142857146
2024-04-19,0.0,5279145.0,0.0,37349.0,35.142857142857146
2024-04-20,0.0,5279145.0,0.0,37349.0,35.142857142857146
2024-04-21,710.0,5279855.0,0.0,37349.0,101.42857142857143
2024-04-22,0.0,5279855.0,0.0,37349.0,101.42857142857143
2024-04-23,0.0,5279855.0,0.0,37349.0,101.42857142857143
2024-04-24,0.0,5279855.0,0.0,37349.0,101.42857142857143
2024-04-25,0.0,5279855.0,0.0,37349.0,101.42857142857143
2024-04-26,0.0,5279855.0,0.0,37349.0,101.42857142857143
2024-04-27,0.0,5279855.0,0.0,37349.0,101.42857142857143
2024-04-28,734.0,5280589.0,1.0,37350.0,104.85714285714286
2024-04-29,0.0,5280589.0,0.0,37350.0,104.85714285714286
2024-04-30,0.0,5280589.0,0.0,37350.0,104.85714285714286
2024-05-01,0.0,5280589.0,0.0,37350.0,104.85714285714286
2024-05-02,0.0,5280589.0,0.0,37350.0,104.85714285714286
2024-05-03,0.0,5280589.0,0.0,37350.0,104.85714285714286
2024-05-04,0.0,5280589.0,0.0,37350.0,104.85714285714286
2024-05-05,734.0,5281323.0,0.0,37350.0,104.85714285714286
2024-05-06,0.0,5281323.0,0.0,37350.0,104.85714285714286
2024-05-07,0.0,5281323.0,0.0,37350.0,104.85714285714286
2024-05-08,0.0,5281323.0,0.0,37350.0,104.85714285714286
2024-05-09,0.0,5281323.0,0.0,37350.0,104.85714285714286
2024-05-10,0.0,5281323.0,0.0,37350.0,104.85714285714286
2024-05-11,0.0,5281323.0,0.0,37350.0,104.85714285714286
2024-05-12,1071.0,5282394.0,0.0,37350.0,153.0
2024-05-13,0.0,5282394.0,0.0,37350.0,153.0
2024-05-14,0.0,5282394.0,0.0,37350.0,153.0
2024-05-15,0.0,5282394.0,0.0,37350.0,153.0
2024-05-16,0.0,5282394.0,0.0,37350.0,153.0
2024-05-17,0.0,5282394.0,0.0,37350.0,153.0
2024-05-18,0.0,5282394.0,0.0,37350.0,153.0
2024-05-19,1230.0,5283624.0,0.0,37350.0,175.71428571428572
2024-05-20,0.0,5283624.0,0.0,37350.0,175.71428571428572
2024-05-21,0.0,5283624.0,0.0,37350.0,175.71428571428572
2024-05-22,0.0,5283624.0,0.0,37350.0,175.71428571428572
2024-05-23,0.0,5283624.0,0.0,37350.0,175.71428571428572
2024-05-24,0.0,5283624.0,0.0,37350.0,175.71428571428572
2024-05-25,0.0,5283624.0,0.0,37350.0,175.71428571428572
2024-05-26,1368.0,5284992.0,0.0,37350.0,195.42857142857142
2024-05-27,0.0,5284992.0,0.0,37350.0,195.42857142857142
2024-05-28,0.0,5284992.0,0.0,37350.0,195.42857142857142
2024-05-29,0.0,5284992.0,0.0,37350.0,195.42857142857142
2024-05-30,0.0,5284992.0,0.0,37350.0,195.42857142857142
2024-05-31,0.0,5284992.0,0.0,37350.0,195.42857142857142
2024-06-01,0.0,5284992.0,0.0,37350.0,195.42857142857142
2024-06-02,1780.0,5286772.0,1.0,37351.0,254.28571428571428
2024-06-03,0.0,5286772.0,0.0,37351.0,254.28571428571428
2024-06-04,0.0,5286772.0,0.0,37351.0,254.28571428571428
2024-06-05,0.0,5286772.0,0.0,37351.0,254.28571428571428
2024-06-06,0.0,5286772.0,0.0,37351.0,254.28571428571428
2024-06-07,0.0,5286772.0,0.0,37351.0,254.28571428571428
2024-06-08,0.0,5286772.0,0.0,37351.0,254.28571428571428
2024-06-09,2069.0,5288841.0,0.0,37351.0,295.57142857142856
2024-06-10,0.0,5288841.0,0.0,37351.0,295.57142857142856
2024-06-11,0.0,5288841.0,0.0,37351.0,295.57142857142856
2024-06-12,0.0,5288841.0,0.0,37351.0,295.57142857142856
2024-06-13,0.0,5288841.0,0.0,37351.0,295.57142857142856
2024-06-14,0.0,5288841.0,0.0,37351.0,295.57142857142856
2024-06-15,0.0,5288841.0,0.0,37351.0,295.57142857142856
2024-06-16,2875.0,5291716.0,0.0,37351.0,410.7142857142857
2024-06-17,0.0,5291716.0,0.0,37351.0,410.7142857142857
2024-06-18,0.0,5291716.0,0.0,37351.0,410.7142857142857
2024-06-19,0.0,5291716.0,0.0,37351.0,410.7142857142857
2024-06-20,0.0,5291716.0,0.0,37351.0,410.7142857142857
2024-06-21,0.0,5291716.0,0.0,37351.0,410.7142857142857
2024-06-22,0.0,5291716.0,0.0,37351.0,410.7142857142857
2024-06-23,2821.0,5294537.0,0.0,37351.0,403.0
2024-06-24,0.0,5294537.0,0.0,37351.0,403.0
2024-06-25,0.0,5294537.0,0.0,37351.0,403.0
2024-06-26,0.0,5294537.0,0.0,37351.0,403.0
2024-06-27,0.0,5294537.0,0.0,37351.0,403.0
2024-06-28,0.0,5294537.0,0.0,37351.0,403.0
2024-06-29,0.0,5294537.0,0.0,37351.0,403.0
2024-06-30,3810.0,5298347.0,0.0,37351.0,544.2857142857143
2024-07-01,0.0,5298347.0,0.0,37351.0,544.2857142857143
2024-07-02,0.0,5298347.0,0.0,37351.0,544.2857142857143
2024-07-03,0.0,5298347.0,0.0,37351.0,544.2857142857143
2024-07-04,0.0,5298347.0,0.0,37351.0,544.2857142857143
2024-07-05,0.0,5298347.0,0.0,37351.0,544.2857142857143
2024-07-06,0.0,5298347.0,0.0,37351.0,544.2857142857143
2024-07-07,3670.0,5302017.0,0.0,37351.0,524.2857142857143
2024-07-08,0.0,5302017.0,0.0,37351.0,524.2857142857143
2024-07-09,0.0,5302017.0,0.0,37351.0,524.2857142857143
2024-07-10,0.0,5302017.0,0.0,37351.0,524.2857142857143
2024-07-11,0.0,5302017.0,0.0,37351.0,524.2857142857143
2024-07-12,0.0,5302017.0,0.0,37351.0,524.2857142857143
2024-07-13,0.0,5302017.0,0.0,37351.0,524.2857142857143
2024-07-14,2833.0,5304850.0,0.0,37351.0,404.7142857142857
2024-07-15,0.0,5304850.0,0.0,37351.0,404.7142857142857
2024-07-16,0.0,5304850.0,0.0,37351.0,404.7142857142857
2024-07-17,0.0,5304850.0,0.0,37351.0,404.7142857142857
2024-07-18,0.0,5304850.0,0.0,37351.0,404.7142857142857
2024-07-19,0.0,5304850.0,0.0,37351.0,404.7142857142857
2024-07-20,0.0,5304850.0,0.0,37351.0,404.7142857142857
2024-07-21,1984.0,5306834.0,0.0,37351.0,283.42857142857144
2024-07-22,0.0,5306834.0,0.0,37351.0,283.42857142857144
2024-07-23,0.0,5306834.0,0.0,37351.0,283.42857142857144
2024-07-24,0.0,5306834.0,0.0,37351.0,283.42857142857144
2024-07-25,0.0,5306834.0,0.0,37351.0,283.42857142857144
2024-07-26,0.0,5306834.0,0.0,37351.0,283.42857142857144
2024-07-27,0.0,5306834.0,0.0,37351.0,283.42857142857144
2024-07-28,1491.0,5308325.0,0.0,37351.0,213.0
2024-07-29,0.0,5308325.0,0.0,37351.0,213.0
2024-07-30,0.0,5308325.0,0.0,37351.0,213.0
2024-07-31,0.0,5308325.0,0.0,37351.0,213.0
2024-08-01,0.0,5308325.0,0.0,37351.0,213.0
2024-08-02,0.0,5308325.0,0.0,37351.0,213.0
2024-08-03,0.0,5308325.0,0.0,37351.0,213.0
2024-08-04,1085.0,5309410.0,0.0,37351.0,155.0
2024-08-05,0.0,0.0,0.0,0.0,155.0
2024-08-06,0.0,0.0,0.0,0.0,155.0
2024-08-07,0.0,0.0,0.0,0.0,155.0
2024-08-08,0.0,0.0,0.0,0.0,155.0
2024-08-09,0.0,0.0,0.0,0.0,155.0
2024-08-10,0.0,0.0,0.0,0.0,155.0
2024-08-11,0.0,0.0,0.0,0.0,0.0
2024-08-12,0.0,0.0,0.0,0.0,0.0
2024-08-13,0.0,0.0,0.0,0.0,0.0
2024-08-14,0.0,0.0,0.0,0.0,0.0
